,Time,RSSI,File Name
0,Mac Address ,28:DE:65:6E:4E:16,0e
1,Time, RSSI,0e
2,11-07-2023 16:57:33:447,-70,0e
3,11-07-2023 16:57:35:448,-70,0e
4,11-07-2023 16:57:37:448,-71,0e
5,11-07-2023 16:57:39:448,-71,0e
6,11-07-2023 16:57:41:450,-71,0e
7,11-07-2023 16:57:43:450,-71,0e
8,11-07-2023 16:57:45:451,-71,0e
9,11-07-2023 16:57:47:452,-73,0e
10,11-07-2023 16:57:49:450,-73,0e
11,11-07-2023 16:57:51:450,-73,0e
12,11-07-2023 16:57:53:451,-73,0e
13,11-07-2023 16:57:55:452,-73,0e
14,11-07-2023 16:57:57:451,-73,0e
15,11-07-2023 16:57:59:452,-73,0e
16,11-07-2023 16:58:01:452,-73,0e
17,11-07-2023 16:58:03:453,-73,0e
18,11-07-2023 16:58:05:453,-74,0e
19,11-07-2023 16:58:07:453,-74,0e
20,11-07-2023 16:58:09:452,-74,0e
21,11-07-2023 16:58:11:452,-74,0e
22,11-07-2023 16:58:13:455,-75,0e
23,11-07-2023 16:58:15:455,-75,0e
24,11-07-2023 16:58:17:454,-75,0e
25,11-07-2023 16:58:19:454,-76,0e
26,11-07-2023 16:58:21:455,-76,0e
27,11-07-2023 16:58:23:455,-77,0e
28,11-07-2023 16:58:25:456,-77,0e
29,11-07-2023 16:58:27:456,-77,0e
30,11-07-2023 16:58:29:456,-77,0e
31,11-07-2023 16:58:31:457,-77,0e
32,11-07-2023 16:58:33:456,-78,0e
33,11-07-2023 16:58:35:457,-77,0e
34,11-07-2023 16:58:37:458,-76,0e
35,11-07-2023 16:58:39:458,-76,0e
36,11-07-2023 16:58:41:458,-74,0e
37,11-07-2023 16:58:43:459,-74,0e
38,11-07-2023 16:58:45:458,-73,0e
39,11-07-2023 16:58:47:459,-73,0e
40,11-07-2023 16:58:49:461,-72,0e
41,11-07-2023 16:58:51:461,-72,0e
42,11-07-2023 16:58:53:461,-73,0e
43,11-07-2023 16:58:55:461,-73,0e
44,11-07-2023 16:58:57:462,-73,0e
45,11-07-2023 16:58:59:463,-74,0e
46,11-07-2023 16:59:01:464,-75,0e
47,11-07-2023 16:59:03:463,-75,0e
48,11-07-2023 16:59:05:465,-75,0e
49,11-07-2023 16:59:07:465,-75,0e
50,11-07-2023 16:59:09:464,-74,0e
51,11-07-2023 16:59:11:465,-74,0e
52,11-07-2023 16:59:13:464,-74,0e
53,11-07-2023 16:59:15:466,-73,0e
54,11-07-2023 16:59:17:465,-73,0e
55,11-07-2023 16:59:19:466,-74,0e
56,11-07-2023 16:59:21:466,-74,0e
57,11-07-2023 16:59:23:466,-74,0e
58,11-07-2023 16:59:25:466,-74,0e
59,11-07-2023 16:59:27:467,-74,0e
60,11-07-2023 16:59:29:467,-73,0e
61,11-07-2023 16:59:31:470,-73,0e
62,11-07-2023 16:59:33:468,-73,0e
63,11-07-2023 16:59:35:469,-74,0e
64,11-07-2023 16:59:37:468,-74,0e
65,11-07-2023 16:59:39:471,-74,0e
66,11-07-2023 16:59:41:469,-74,0e
67,11-07-2023 16:59:43:470,-74,0e
68,11-07-2023 16:59:45:469,-75,0e
69,11-07-2023 16:59:47:470,-75,0e
70,11-07-2023 16:59:49:471,-76,0e
0,Mac Address ,28:DE:65:6E:4E:16,0m
1,Time, RSSI,0m
2,11-07-2023 14:50:37:558,-40,0m
3,11-07-2023 14:50:39:561,-38,0m
4,11-07-2023 14:50:41:560,-38,0m
5,11-07-2023 14:50:43:560,-38,0m
6,11-07-2023 14:50:45:561,-36,0m
7,11-07-2023 14:50:47:561,-33,0m
8,11-07-2023 14:50:49:561,-33,0m
9,11-07-2023 14:50:51:561,-33,0m
10,11-07-2023 14:50:53:562,-33,0m
11,11-07-2023 14:50:55:562,-33,0m
12,11-07-2023 14:50:57:562,-36,0m
13,11-07-2023 14:50:59:562,-36,0m
14,11-07-2023 14:51:01:563,-37,0m
15,11-07-2023 14:51:03:564,-37,0m
16,11-07-2023 14:51:05:565,-37,0m
17,11-07-2023 14:51:07:565,-37,0m
18,11-07-2023 14:51:09:566,-36,0m
19,11-07-2023 14:51:11:565,-36,0m
20,11-07-2023 14:51:13:566,-35,0m
21,11-07-2023 14:51:15:565,-35,0m
22,11-07-2023 14:51:17:566,-33,0m
23,11-07-2023 14:51:19:566,-33,0m
24,11-07-2023 14:51:21:566,-31,0m
25,11-07-2023 14:51:23:568,-30,0m
26,11-07-2023 14:51:25:568,-30,0m
27,11-07-2023 14:51:27:570,-30,0m
28,11-07-2023 14:51:29:569,-31,0m
29,11-07-2023 14:51:31:569,-31,0m
30,11-07-2023 14:51:33:569,-31,0m
31,11-07-2023 14:51:35:570,-32,0m
32,11-07-2023 14:51:37:570,-33,0m
33,11-07-2023 14:51:39:571,-32,0m
34,11-07-2023 14:51:41:571,-31,0m
35,11-07-2023 14:51:43:571,-31,0m
36,11-07-2023 14:51:45:573,-31,0m
37,11-07-2023 14:51:47:575,-31,0m
38,11-07-2023 14:51:49:574,-32,0m
39,11-07-2023 14:51:51:575,-32,0m
40,11-07-2023 14:51:53:576,-32,0m
41,11-07-2023 14:51:55:577,-34,0m
42,11-07-2023 14:51:57:577,-35,0m
43,11-07-2023 14:51:59:579,-35,0m
44,11-07-2023 14:52:01:578,-35,0m
45,11-07-2023 14:52:03:578,-34,0m
46,11-07-2023 14:52:05:578,-35,0m
47,11-07-2023 14:52:07:579,-35,0m
48,11-07-2023 14:52:09:578,-34,0m
49,11-07-2023 14:52:11:579,-34,0m
50,11-07-2023 14:52:13:579,-35,0m
51,11-07-2023 14:52:15:580,-35,0m
52,11-07-2023 14:52:17:579,-33,0m
53,11-07-2023 14:52:19:580,-32,0m
54,11-07-2023 14:52:21:580,-32,0m
55,11-07-2023 14:52:23:581,-30,0m
56,11-07-2023 14:52:25:580,-30,0m
57,11-07-2023 14:52:27:581,-30,0m
58,11-07-2023 14:52:29:580,-31,0m
59,11-07-2023 14:52:31:582,-32,0m
60,11-07-2023 14:52:33:582,-33,0m
61,11-07-2023 14:52:35:582,-33,0m
62,11-07-2023 14:52:37:583,-33,0m
63,11-07-2023 14:52:39:583,-38,0m
64,11-07-2023 14:52:41:583,-38,0m
65,11-07-2023 14:52:43:583,-38,0m
66,11-07-2023 14:52:45:583,-40,0m
67,11-07-2023 14:52:47:583,-40,0m
68,11-07-2023 14:52:49:583,-40,0m
69,11-07-2023 14:52:51:584,-40,0m
70,11-07-2023 14:52:53:584,-36,0m
71,11-07-2023 14:52:55:584,-36,0m
72,11-07-2023 14:52:57:584,-36,0m
73,11-07-2023 14:52:59:584,-34,0m
74,11-07-2023 14:53:01:585,-33,0m
75,11-07-2023 14:53:03:586,-33,0m
76,11-07-2023 14:53:05:586,-33,0m
77,11-07-2023 14:53:07:587,-33,0m
78,11-07-2023 14:53:09:588,-31,0m
79,11-07-2023 14:53:11:588,-31,0m
80,11-07-2023 14:53:13:587,-30,0m
81,11-07-2023 14:53:15:589,-30,0m
82,11-07-2023 14:53:17:589,-30,0m
83,11-07-2023 14:53:19:588,-30,0m
84,11-07-2023 14:53:21:589,-31,0m
85,11-07-2023 14:53:23:589,-33,0m
86,11-07-2023 14:53:25:590,-34,0m
87,11-07-2023 14:53:27:593,-34,0m
88,11-07-2023 14:53:29:590,-34,0m
89,11-07-2023 14:53:31:591,-36,0m
90,11-07-2023 14:53:33:591,-36,0m
91,11-07-2023 14:53:35:591,-34,0m
92,11-07-2023 14:53:37:590,-35,0m
93,11-07-2023 14:53:39:592,-35,0m
94,11-07-2023 14:53:41:593,-36,0m
95,11-07-2023 14:53:43:593,-34,0m
96,11-07-2023 14:53:45:594,-33,0m
0,Mac Address ,28:DE:65:6E:4E:16,0m_1
1,Time, RSSI,0m_1
2,11-07-2023 14:50:35:905,-32,0m_1
3,11-07-2023 14:50:37:906,-32,0m_1
4,11-07-2023 14:50:39:905,-30,0m_1
5,11-07-2023 14:50:41:906,-31,0m_1
6,11-07-2023 14:50:43:907,-32,0m_1
7,11-07-2023 14:50:45:906,-32,0m_1
8,11-07-2023 14:50:47:910,-33,0m_1
9,11-07-2023 14:50:49:908,-33,0m_1
10,11-07-2023 14:50:51:908,-33,0m_1
11,11-07-2023 14:50:53:908,-33,0m_1
12,11-07-2023 14:50:55:911,-34,0m_1
13,11-07-2023 14:50:57:909,-34,0m_1
14,11-07-2023 14:50:59:909,-32,0m_1
15,11-07-2023 14:51:01:910,-33,0m_1
16,11-07-2023 14:51:03:910,-33,0m_1
17,11-07-2023 14:51:05:911,-34,0m_1
18,11-07-2023 14:51:07:912,-34,0m_1
19,11-07-2023 14:51:09:912,-34,0m_1
20,11-07-2023 14:51:11:913,-34,0m_1
21,11-07-2023 14:51:13:914,-35,0m_1
22,11-07-2023 14:51:15:916,-35,0m_1
23,11-07-2023 14:51:17:915,-33,0m_1
24,11-07-2023 14:51:19:913,-31,0m_1
25,11-07-2023 14:51:21:914,-32,0m_1
26,11-07-2023 14:51:23:914,-33,0m_1
27,11-07-2023 14:51:25:916,-33,0m_1
28,11-07-2023 14:51:27:916,-33,0m_1
29,11-07-2023 14:51:29:916,-34,0m_1
30,11-07-2023 14:51:31:916,-34,0m_1
31,11-07-2023 14:51:33:916,-32,0m_1
32,11-07-2023 14:51:35:917,-32,0m_1
33,11-07-2023 14:51:37:918,-32,0m_1
34,11-07-2023 14:51:39:917,-31,0m_1
35,11-07-2023 14:51:41:918,-28,0m_1
36,11-07-2023 14:51:43:919,-28,0m_1
37,11-07-2023 14:51:45:917,-28,0m_1
38,11-07-2023 14:51:47:918,-28,0m_1
39,11-07-2023 14:51:49:917,-29,0m_1
40,11-07-2023 14:51:51:918,-29,0m_1
41,11-07-2023 14:51:53:919,-29,0m_1
42,11-07-2023 14:51:55:917,-28,0m_1
43,11-07-2023 14:51:57:919,-31,0m_1
44,11-07-2023 14:51:59:918,-32,0m_1
45,11-07-2023 14:52:01:918,-32,0m_1
46,11-07-2023 14:52:03:919,-33,0m_1
47,11-07-2023 14:52:05:918,-35,0m_1
48,11-07-2023 14:52:07:919,-34,0m_1
49,11-07-2023 14:52:09:919,-34,0m_1
50,11-07-2023 14:52:11:921,-36,0m_1
51,11-07-2023 14:52:13:920,-36,0m_1
52,11-07-2023 14:52:15:921,-35,0m_1
53,11-07-2023 14:52:17:921,-35,0m_1
54,11-07-2023 14:52:19:921,-36,0m_1
55,11-07-2023 14:52:21:923,-35,0m_1
56,11-07-2023 14:52:23:922,-34,0m_1
57,11-07-2023 14:52:25:923,-34,0m_1
58,11-07-2023 14:52:27:923,-34,0m_1
59,11-07-2023 14:52:29:924,-34,0m_1
60,11-07-2023 14:52:31:924,-35,0m_1
61,11-07-2023 14:52:33:924,-35,0m_1
62,11-07-2023 14:52:35:924,-34,0m_1
63,11-07-2023 14:52:37:924,-33,0m_1
64,11-07-2023 14:52:39:925,-33,0m_1
65,11-07-2023 14:52:41:926,-33,0m_1
66,11-07-2023 14:52:43:925,-32,0m_1
67,11-07-2023 14:52:45:926,-32,0m_1
68,11-07-2023 14:52:47:925,-34,0m_1
69,11-07-2023 14:52:49:926,-33,0m_1
70,11-07-2023 14:52:51:927,-32,0m_1
71,11-07-2023 14:52:53:925,-35,0m_1
72,11-07-2023 14:52:55:926,-35,0m_1
73,11-07-2023 14:52:57:927,-32,0m_1
74,11-07-2023 14:52:59:927,-31,0m_1
75,11-07-2023 14:53:01:928,-32,0m_1
76,11-07-2023 14:53:03:930,-34,0m_1
77,11-07-2023 14:53:05:928,-35,0m_1
78,11-07-2023 14:53:07:928,-36,0m_1
79,11-07-2023 14:53:09:928,-36,0m_1
80,11-07-2023 14:53:11:929,-32,0m_1
81,11-07-2023 14:53:13:928,-32,0m_1
82,11-07-2023 14:53:15:928,-32,0m_1
83,11-07-2023 14:53:17:928,-33,0m_1
84,11-07-2023 14:53:19:928,-33,0m_1
85,11-07-2023 14:53:21:928,-33,0m_1
86,11-07-2023 14:53:23:928,-33,0m_1
87,11-07-2023 14:53:25:928,-33,0m_1
88,11-07-2023 14:53:27:929,-33,0m_1
89,11-07-2023 14:53:29:929,-33,0m_1
90,11-07-2023 14:53:31:929,-35,0m_1
91,11-07-2023 14:53:33:930,-36,0m_1
92,11-07-2023 14:53:35:930,-36,0m_1
93,11-07-2023 14:53:37:930,-36,0m_1
94,11-07-2023 14:53:39:931,-35,0m_1
95,11-07-2023 14:53:41:931,-35,0m_1
96,11-07-2023 14:53:43:932,-36,0m_1
97,11-07-2023 14:53:45:932,-36,0m_1
0,Mac Address ,28:DE:65:6E:4E:16,0_e
1,Time, RSSI,0_e
2,11-07-2023 17:01:27:827,-75,0_e
3,11-07-2023 17:01:29:827,-75,0_e
4,11-07-2023 17:01:31:830,-75,0_e
5,11-07-2023 17:01:33:837,-75,0_e
6,11-07-2023 17:01:35:830,-75,0_e
7,11-07-2023 17:01:37:831,-75,0_e
8,11-07-2023 17:01:39:831,-75,0_e
9,11-07-2023 17:01:41:831,-75,0_e
10,11-07-2023 17:01:43:832,-75,0_e
11,11-07-2023 17:01:45:833,-75,0_e
12,11-07-2023 17:01:47:833,-75,0_e
13,11-07-2023 17:01:49:835,-73,0_e
14,11-07-2023 17:01:51:833,-73,0_e
15,11-07-2023 17:01:53:833,-73,0_e
16,11-07-2023 17:01:55:834,-73,0_e
17,11-07-2023 17:01:57:833,-72,0_e
18,11-07-2023 17:01:59:835,-72,0_e
19,11-07-2023 17:02:01:836,-72,0_e
20,11-07-2023 17:02:03:836,-72,0_e
21,11-07-2023 17:02:05:837,-72,0_e
22,11-07-2023 17:02:07:837,-72,0_e
23,11-07-2023 17:02:09:838,-72,0_e
24,11-07-2023 17:02:11:839,-72,0_e
25,11-07-2023 17:02:13:842,-72,0_e
26,11-07-2023 17:02:15:840,-72,0_e
27,11-07-2023 17:02:17:842,-72,0_e
28,11-07-2023 17:02:19:845,-72,0_e
29,11-07-2023 17:02:21:842,-72,0_e
30,11-07-2023 17:02:23:844,-72,0_e
0,Mac Address ,28:DE:65:6E:4E:16,10m
1,Time, RSSI,10m
2,11-07-2023 15:29:38:268,-64,10m
3,11-07-2023 15:29:40:267,-64,10m
4,11-07-2023 15:29:42:267,-64,10m
5,11-07-2023 15:29:44:268,-64,10m
6,11-07-2023 15:29:46:269,-64,10m
7,11-07-2023 15:29:48:269,-64,10m
8,11-07-2023 15:29:50:269,-64,10m
9,11-07-2023 15:29:52:270,-64,10m
10,11-07-2023 15:29:54:271,-64,10m
11,11-07-2023 15:29:56:272,-64,10m
12,11-07-2023 15:29:58:273,-64,10m
13,11-07-2023 15:30:00:272,-64,10m
14,11-07-2023 15:30:02:272,-64,10m
15,11-07-2023 15:30:04:273,-64,10m
16,11-07-2023 15:30:06:274,-63,10m
17,11-07-2023 15:30:08:275,-63,10m
18,11-07-2023 15:30:10:275,-62,10m
19,11-07-2023 15:30:12:275,-62,10m
20,11-07-2023 15:30:14:275,-62,10m
21,11-07-2023 15:30:16:276,-62,10m
22,11-07-2023 15:30:18:275,-62,10m
23,11-07-2023 15:30:20:276,-62,10m
24,11-07-2023 15:30:22:277,-62,10m
25,11-07-2023 15:30:24:278,-62,10m
26,11-07-2023 15:30:26:276,-62,10m
27,11-07-2023 15:30:28:277,-62,10m
28,11-07-2023 15:30:30:278,-62,10m
29,11-07-2023 15:30:32:277,-62,10m
30,11-07-2023 15:30:34:277,-63,10m
31,11-07-2023 15:30:36:281,-63,10m
32,11-07-2023 15:30:38:278,-63,10m
33,11-07-2023 15:30:40:278,-64,10m
34,11-07-2023 15:30:42:279,-64,10m
35,11-07-2023 15:30:44:279,-64,10m
36,11-07-2023 15:30:46:281,-64,10m
37,11-07-2023 15:30:48:279,-64,10m
38,11-07-2023 15:30:50:280,-64,10m
39,11-07-2023 15:30:52:280,-63,10m
40,11-07-2023 15:30:54:282,-63,10m
41,11-07-2023 15:30:56:281,-63,10m
42,11-07-2023 15:30:58:284,-63,10m
43,11-07-2023 15:31:00:282,-63,10m
44,11-07-2023 15:31:02:283,-62,10m
45,11-07-2023 15:31:04:284,-62,10m
46,11-07-2023 15:31:06:285,-61,10m
47,11-07-2023 15:31:08:284,-61,10m
48,11-07-2023 15:31:10:284,-61,10m
49,11-07-2023 15:31:12:284,-61,10m
50,11-07-2023 15:31:14:284,-61,10m
51,11-07-2023 15:31:16:283,-63,10m
52,11-07-2023 15:31:18:285,-63,10m
53,11-07-2023 15:31:20:285,-63,10m
54,11-07-2023 15:31:22:286,-66,10m
55,11-07-2023 15:31:24:285,-67,10m
56,11-07-2023 15:31:26:287,-67,10m
57,11-07-2023 15:31:28:286,-67,10m
58,11-07-2023 15:31:30:287,-67,10m
59,11-07-2023 15:31:32:286,-67,10m
60,11-07-2023 15:31:34:287,-66,10m
61,11-07-2023 15:31:36:286,-65,10m
62,11-07-2023 15:31:38:287,-65,10m
0,Mac Address ,28:DE:65:6E:4E:16,12.55_2
1,Time, RSSI,12.55_2
2,11-07-2023 15:33:34:951,-69,12.55_2
3,11-07-2023 15:33:36:951,-70,12.55_2
4,11-07-2023 15:33:38:951,-70,12.55_2
5,11-07-2023 15:33:40:952,-70,12.55_2
6,11-07-2023 15:33:42:952,-70,12.55_2
7,11-07-2023 15:33:44:951,-70,12.55_2
8,11-07-2023 15:33:46:952,-70,12.55_2
9,11-07-2023 15:33:48:951,-70,12.55_2
10,11-07-2023 15:33:50:953,-70,12.55_2
11,11-07-2023 15:33:52:952,-70,12.55_2
12,11-07-2023 15:33:54:951,-70,12.55_2
13,11-07-2023 15:33:56:951,-70,12.55_2
14,11-07-2023 15:33:58:952,-70,12.55_2
15,11-07-2023 15:34:00:952,-70,12.55_2
16,11-07-2023 15:34:02:953,-70,12.55_2
17,11-07-2023 15:34:04:953,-70,12.55_2
18,11-07-2023 15:34:06:952,-70,12.55_2
19,11-07-2023 15:34:08:953,-70,12.55_2
20,11-07-2023 15:34:10:953,-70,12.55_2
21,11-07-2023 15:34:12:953,-69,12.55_2
22,11-07-2023 15:34:14:954,-69,12.55_2
23,11-07-2023 15:34:16:955,-69,12.55_2
24,11-07-2023 15:34:18:955,-69,12.55_2
25,11-07-2023 15:34:20:956,-69,12.55_2
26,11-07-2023 15:34:22:955,-68,12.55_2
27,11-07-2023 15:34:24:955,-68,12.55_2
28,11-07-2023 15:34:26:955,-68,12.55_2
29,11-07-2023 15:34:28:956,-68,12.55_2
30,11-07-2023 15:34:30:956,-68,12.55_2
31,11-07-2023 15:34:32:956,-68,12.55_2
32,11-07-2023 15:34:34:957,-68,12.55_2
33,11-07-2023 15:34:36:957,-68,12.55_2
34,11-07-2023 15:34:38:958,-68,12.55_2
35,11-07-2023 15:34:40:958,-68,12.55_2
36,11-07-2023 15:34:42:959,-68,12.55_2
37,11-07-2023 15:34:44:959,-68,12.55_2
38,11-07-2023 15:34:46:960,-68,12.55_2
39,11-07-2023 15:34:48:960,-68,12.55_2
40,11-07-2023 15:34:50:960,-69,12.55_2
41,11-07-2023 15:34:52:961,-69,12.55_2
42,11-07-2023 15:34:54:961,-69,12.55_2
43,11-07-2023 15:34:56:963,-71,12.55_2
44,11-07-2023 15:34:58:962,-71,12.55_2
45,11-07-2023 15:35:00:963,-71,12.55_2
46,11-07-2023 15:35:02:963,-71,12.55_2
0,Mac Address ,28:DE:65:6E:4E:16,12.5m
1,Time, RSSI,12.5m
2,11-07-2023 15:35:28:328,-63,12.5m
3,11-07-2023 15:35:30:328,-63,12.5m
4,11-07-2023 15:35:32:327,-63,12.5m
5,11-07-2023 15:35:34:329,-63,12.5m
6,11-07-2023 15:35:36:328,-63,12.5m
7,11-07-2023 15:35:38:330,-63,12.5m
8,11-07-2023 15:35:40:329,-63,12.5m
9,11-07-2023 15:35:42:330,-60,12.5m
10,11-07-2023 15:35:44:332,-60,12.5m
11,11-07-2023 15:35:46:331,-60,12.5m
12,11-07-2023 15:35:48:333,-59,12.5m
13,11-07-2023 15:35:50:335,-59,12.5m
14,11-07-2023 15:35:52:334,-59,12.5m
15,11-07-2023 15:35:54:334,-59,12.5m
16,11-07-2023 15:35:56:334,-59,12.5m
17,11-07-2023 15:35:58:334,-59,12.5m
18,11-07-2023 15:36:00:335,-59,12.5m
19,11-07-2023 15:36:02:333,-59,12.5m
20,11-07-2023 15:36:04:334,-59,12.5m
21,11-07-2023 15:36:06:334,-59,12.5m
22,11-07-2023 15:36:08:335,-59,12.5m
23,11-07-2023 15:36:10:334,-59,12.5m
24,11-07-2023 15:36:12:335,-59,12.5m
25,11-07-2023 15:36:14:334,-59,12.5m
26,11-07-2023 15:36:16:335,-59,12.5m
27,11-07-2023 15:36:18:334,-60,12.5m
28,11-07-2023 15:36:20:334,-60,12.5m
29,11-07-2023 15:36:22:335,-60,12.5m
30,11-07-2023 15:36:24:336,-60,12.5m
31,11-07-2023 15:36:26:337,-62,12.5m
32,11-07-2023 15:36:28:336,-62,12.5m
33,11-07-2023 15:36:30:337,-62,12.5m
34,11-07-2023 15:36:32:337,-62,12.5m
35,11-07-2023 15:36:34:337,-63,12.5m
36,11-07-2023 15:36:36:338,-64,12.5m
37,11-07-2023 15:36:38:338,-64,12.5m
38,11-07-2023 15:36:40:337,-64,12.5m
39,11-07-2023 15:36:42:338,-65,12.5m
40,11-07-2023 15:36:44:338,-65,12.5m
41,11-07-2023 15:36:46:338,-64,12.5m
42,11-07-2023 15:36:48:337,-64,12.5m
43,11-07-2023 15:36:50:338,-64,12.5m
44,11-07-2023 15:36:52:337,-64,12.5m
45,11-07-2023 15:36:54:338,-64,12.5m
46,11-07-2023 15:36:56:338,-63,12.5m
47,11-07-2023 15:36:58:339,-63,12.5m
48,11-07-2023 15:37:00:340,-63,12.5m
49,11-07-2023 15:37:02:339,-63,12.5m
50,11-07-2023 15:37:04:340,-63,12.5m
51,11-07-2023 15:37:06:341,-63,12.5m
52,11-07-2023 15:37:08:342,-63,12.5m
53,11-07-2023 15:37:10:342,-63,12.5m
54,11-07-2023 15:37:12:341,-63,12.5m
55,11-07-2023 15:37:14:342,-63,12.5m
56,11-07-2023 15:37:16:342,-63,12.5m
57,11-07-2023 15:37:18:342,-63,12.5m
58,11-07-2023 15:37:20:343,-63,12.5m
59,11-07-2023 15:37:22:342,-63,12.5m
60,11-07-2023 15:37:24:343,-63,12.5m
0,Mac Address ,28:DE:65:6E:4E:16,12.5_1
1,,,12.5_1
2,Time, RSSI,12.5_1
3,11-07-2023 15:34:00:499,-61,12.5_1
4,11-07-2023 15:34:02:498,-61,12.5_1
5,11-07-2023 15:34:04:499,-61,12.5_1
6,11-07-2023 15:34:06:499,-61,12.5_1
7,11-07-2023 15:34:08:499,-61,12.5_1
8,11-07-2023 15:34:10:500,-61,12.5_1
9,11-07-2023 15:34:12:499,-61,12.5_1
10,11-07-2023 15:34:14:500,-61,12.5_1
11,11-07-2023 15:34:16:500,-61,12.5_1
12,11-07-2023 15:34:18:501,-61,12.5_1
13,11-07-2023 15:34:20:501,-61,12.5_1
14,11-07-2023 15:34:22:502,-63,12.5_1
15,11-07-2023 15:34:24:502,-63,12.5_1
16,11-07-2023 15:34:26:501,-63,12.5_1
17,11-07-2023 15:34:28:502,-63,12.5_1
18,11-07-2023 15:34:30:504,-63,12.5_1
19,11-07-2023 15:34:32:501,-67,12.5_1
20,11-07-2023 15:34:34:501,-67,12.5_1
21,11-07-2023 15:34:36:502,-67,12.5_1
22,11-07-2023 15:34:38:502,-67,12.5_1
23,11-07-2023 15:34:40:502,-67,12.5_1
24,11-07-2023 15:34:42:502,-67,12.5_1
25,11-07-2023 15:34:44:501,-67,12.5_1
26,11-07-2023 15:34:46:503,-66,12.5_1
27,11-07-2023 15:34:48:503,-66,12.5_1
28,11-07-2023 15:34:50:503,-66,12.5_1
29,11-07-2023 15:34:52:504,-66,12.5_1
30,11-07-2023 15:34:54:504,-64,12.5_1
31,11-07-2023 15:34:56:504,-64,12.5_1
32,11-07-2023 15:34:58:503,-64,12.5_1
33,11-07-2023 15:35:00:504,-64,12.5_1
34,11-07-2023 15:35:02:504,-64,12.5_1
35,11-07-2023 15:35:04:504,-64,12.5_1
36,11-07-2023 15:35:06:505,-63,12.5_1
37,11-07-2023 15:35:08:505,-63,12.5_1
38,11-07-2023 15:35:10:505,-63,12.5_1
39,11-07-2023 15:35:12:505,-64,12.5_1
40,11-07-2023 15:35:14:506,-64,12.5_1
41,11-07-2023 15:35:16:505,-65,12.5_1
42,11-07-2023 15:35:18:505,-65,12.5_1
43,11-07-2023 15:35:20:506,-66,12.5_1
44,11-07-2023 15:35:22:506,-66,12.5_1
45,11-07-2023 15:35:24:506,-66,12.5_1
46,11-07-2023 15:35:26:507,-65,12.5_1
47,11-07-2023 15:35:28:506,-65,12.5_1
48,11-07-2023 15:35:30:507,-65,12.5_1
49,11-07-2023 15:35:32:506,-66,12.5_1
0,Mac Address ,28:DE:65:6E:4E:16,15e
1,Time, RSSI,15e
2,11-07-2023 17:07:04:313,-72,15e
3,11-07-2023 17:07:06:312,-72,15e
4,11-07-2023 17:07:08:314,-72,15e
5,11-07-2023 17:07:10:315,-72,15e
6,11-07-2023 17:07:12:317,-71,15e
7,11-07-2023 17:07:14:316,-71,15e
8,11-07-2023 17:07:16:317,-71,15e
9,11-07-2023 17:07:18:317,-70,15e
10,11-07-2023 17:07:20:317,-70,15e
11,11-07-2023 17:07:22:318,-70,15e
12,11-07-2023 17:07:24:317,-70,15e
13,11-07-2023 17:07:26:318,-70,15e
14,11-07-2023 17:07:28:318,-70,15e
15,11-07-2023 17:07:30:319,-70,15e
16,11-07-2023 17:07:32:320,-70,15e
17,11-07-2023 17:07:34:320,-69,15e
18,11-07-2023 17:07:36:321,-69,15e
19,11-07-2023 17:07:38:321,-69,15e
20,11-07-2023 17:07:40:321,-69,15e
21,11-07-2023 17:07:42:321,-69,15e
22,11-07-2023 17:07:44:322,-69,15e
23,11-07-2023 17:07:46:322,-70,15e
24,11-07-2023 17:07:48:321,-70,15e
25,11-07-2023 17:07:50:322,-71,15e
26,11-07-2023 17:07:52:321,-71,15e
27,11-07-2023 17:07:54:322,-71,15e
28,11-07-2023 17:07:56:322,-71,15e
29,11-07-2023 17:07:58:323,-71,15e
30,11-07-2023 17:08:00:323,-71,15e
31,11-07-2023 17:08:02:323,-71,15e
32,11-07-2023 17:08:04:324,-71,15e
33,11-07-2023 17:08:06:323,-71,15e
34,11-07-2023 17:08:08:324,-71,15e
35,11-07-2023 17:08:10:323,-71,15e
36,11-07-2023 17:08:12:324,-71,15e
37,11-07-2023 17:08:14:324,-72,15e
38,11-07-2023 17:08:16:324,-72,15e
39,11-07-2023 17:08:18:324,-72,15e
40,11-07-2023 17:08:20:326,-72,15e
41,11-07-2023 17:08:22:325,-73,15e
42,11-07-2023 17:08:24:325,-73,15e
43,11-07-2023 17:08:26:325,-73,15e
44,11-07-2023 17:08:28:326,-73,15e
45,11-07-2023 17:08:30:326,-74,15e
46,11-07-2023 17:08:32:327,-74,15e
47,11-07-2023 17:08:34:326,-74,15e
48,11-07-2023 17:08:36:328,-71,15e
49,11-07-2023 17:08:38:329,-70,15e
50,11-07-2023 17:08:40:328,-70,15e
51,11-07-2023 17:08:42:328,-70,15e
52,11-07-2023 17:08:44:329,-70,15e
53,11-07-2023 17:08:46:329,-69,15e
54,11-07-2023 17:08:48:330,-70,15e
55,11-07-2023 17:08:50:329,-70,15e
56,11-07-2023 17:08:52:330,-71,15e
57,11-07-2023 17:08:54:332,-71,15e
0,Mac Address ,28:DE:65:6E:4E:16,15m
1,Time, RSSI,15m
2,11-07-2023 15:49:09:742,-58,15m
3,11-07-2023 15:49:11:743,-58,15m
4,11-07-2023 15:49:13:745,-57,15m
5,11-07-2023 15:49:15:743,-57,15m
6,11-07-2023 15:49:17:742,-57,15m
7,11-07-2023 15:49:19:744,-57,15m
8,11-07-2023 15:49:21:743,-57,15m
9,11-07-2023 15:49:23:744,-59,15m
10,11-07-2023 15:49:25:743,-61,15m
11,11-07-2023 15:49:27:744,-62,15m
12,11-07-2023 15:49:29:743,-63,15m
13,11-07-2023 15:49:31:743,-63,15m
14,11-07-2023 15:49:33:743,-63,15m
15,11-07-2023 15:49:35:744,-63,15m
16,11-07-2023 15:49:37:743,-63,15m
17,11-07-2023 15:49:39:743,-63,15m
18,11-07-2023 15:49:41:744,-63,15m
19,11-07-2023 15:49:43:744,-63,15m
20,11-07-2023 15:49:45:743,-63,15m
21,11-07-2023 15:49:47:744,-63,15m
22,11-07-2023 15:49:49:745,-63,15m
23,11-07-2023 15:49:51:744,-63,15m
24,11-07-2023 15:49:53:744,-63,15m
25,11-07-2023 15:49:55:744,-63,15m
26,11-07-2023 15:49:57:745,-63,15m
27,11-07-2023 15:49:59:744,-63,15m
28,11-07-2023 15:50:01:746,-63,15m
29,11-07-2023 15:50:03:746,-63,15m
30,11-07-2023 15:50:05:747,-63,15m
31,11-07-2023 15:50:07:750,-64,15m
32,11-07-2023 15:50:09:747,-64,15m
33,11-07-2023 15:50:11:748,-64,15m
34,11-07-2023 15:50:13:748,-64,15m
35,11-07-2023 15:50:15:749,-64,15m
36,11-07-2023 15:50:17:750,-64,15m
37,11-07-2023 15:50:19:750,-64,15m
38,11-07-2023 15:50:21:751,-64,15m
39,11-07-2023 15:50:23:751,-65,15m
40,11-07-2023 15:50:25:752,-65,15m
41,11-07-2023 15:50:27:751,-65,15m
42,11-07-2023 15:50:29:752,-65,15m
43,11-07-2023 15:50:31:751,-65,15m
44,11-07-2023 15:50:33:752,-65,15m
45,11-07-2023 15:50:35:752,-65,15m
46,11-07-2023 15:50:37:752,-65,15m
47,11-07-2023 15:50:39:750,-65,15m
48,11-07-2023 15:50:41:753,-65,15m
49,11-07-2023 15:50:43:751,-65,15m
50,11-07-2023 15:50:45:752,-66,15m
51,11-07-2023 15:50:47:751,-66,15m
52,11-07-2023 15:50:49:752,-67,15m
53,11-07-2023 15:50:51:753,-67,15m
54,11-07-2023 15:50:53:753,-67,15m
55,11-07-2023 15:50:55:753,-67,15m
56,11-07-2023 15:50:57:754,-67,15m
57,11-07-2023 15:50:59:756,-67,15m
58,11-07-2023 15:51:01:756,-67,15m
59,11-07-2023 15:51:03:758,-67,15m
60,11-07-2023 15:51:05:756,-67,15m
61,11-07-2023 15:51:07:756,-67,15m
62,11-07-2023 15:51:09:758,-67,15m
63,11-07-2023 15:51:11:758,-67,15m
64,11-07-2023 15:51:13:759,-67,15m
65,11-07-2023 15:51:15:758,-67,15m
66,11-07-2023 15:51:17:760,-67,15m
67,11-07-2023 15:51:19:757,-67,15m
68,11-07-2023 15:51:21:758,-67,15m
69,11-07-2023 15:51:23:758,-67,15m
70,11-07-2023 15:51:25:758,-67,15m
71,11-07-2023 15:51:27:758,-66,15m
72,11-07-2023 15:51:29:758,-65,15m
73,11-07-2023 15:51:31:758,-65,15m
0,Mac Address ,28:DE:65:6E:4E:16,15m_1
1,Time, RSSI,15m_1
2,11-07-2023 15:49:34:616,-68,15m_1
3,11-07-2023 15:49:36:616,-68,15m_1
4,11-07-2023 15:49:38:616,-68,15m_1
5,11-07-2023 15:49:40:616,-68,15m_1
6,11-07-2023 15:49:42:617,-68,15m_1
7,11-07-2023 15:49:44:617,-68,15m_1
8,11-07-2023 15:49:46:616,-67,15m_1
9,11-07-2023 15:49:48:617,-67,15m_1
10,11-07-2023 15:49:50:617,-67,15m_1
11,11-07-2023 15:49:52:616,-67,15m_1
12,11-07-2023 15:49:54:616,-68,15m_1
13,11-07-2023 15:49:56:617,-68,15m_1
14,11-07-2023 15:49:58:616,-69,15m_1
15,11-07-2023 15:50:00:616,-69,15m_1
16,11-07-2023 15:50:02:617,-68,15m_1
17,11-07-2023 15:50:04:616,-67,15m_1
18,11-07-2023 15:50:06:617,-67,15m_1
19,11-07-2023 15:50:08:616,-67,15m_1
20,11-07-2023 15:50:10:616,-65,15m_1
21,11-07-2023 15:50:12:616,-65,15m_1
22,11-07-2023 15:50:14:616,-65,15m_1
23,11-07-2023 15:50:16:616,-65,15m_1
24,11-07-2023 15:50:18:616,-65,15m_1
25,11-07-2023 15:50:20:616,-65,15m_1
26,11-07-2023 15:50:22:617,-64,15m_1
27,11-07-2023 15:50:24:618,-64,15m_1
28,11-07-2023 15:50:26:618,-64,15m_1
29,11-07-2023 15:50:28:619,-64,15m_1
30,11-07-2023 15:50:30:619,-63,15m_1
31,11-07-2023 15:50:32:619,-64,15m_1
32,11-07-2023 15:50:34:620,-64,15m_1
33,11-07-2023 15:50:36:620,-64,15m_1
34,11-07-2023 15:50:38:620,-64,15m_1
35,11-07-2023 15:50:40:622,-64,15m_1
36,11-07-2023 15:50:42:620,-64,15m_1
37,11-07-2023 15:50:44:620,-64,15m_1
38,11-07-2023 15:50:46:620,-64,15m_1
39,11-07-2023 15:50:48:621,-64,15m_1
40,11-07-2023 15:50:50:621,-64,15m_1
41,11-07-2023 15:50:52:623,-63,15m_1
42,11-07-2023 15:50:54:622,-63,15m_1
43,11-07-2023 15:50:56:622,-63,15m_1
44,11-07-2023 15:50:58:621,-63,15m_1
45,11-07-2023 15:51:00:622,-63,15m_1
46,11-07-2023 15:51:02:622,-63,15m_1
47,11-07-2023 15:51:04:623,-63,15m_1
48,11-07-2023 15:51:06:623,-63,15m_1
49,11-07-2023 15:51:08:623,-63,15m_1
50,11-07-2023 15:51:10:623,-63,15m_1
51,11-07-2023 15:51:12:622,-63,15m_1
52,11-07-2023 15:51:14:624,-63,15m_1
53,11-07-2023 15:51:16:623,-64,15m_1
54,11-07-2023 15:51:18:624,-64,15m_1
55,11-07-2023 15:51:20:624,-64,15m_1
56,11-07-2023 15:51:22:623,-64,15m_1
57,11-07-2023 15:51:24:626,-64,15m_1
58,11-07-2023 15:51:26:625,-64,15m_1
59,11-07-2023 15:51:28:626,-64,15m_1
60,11-07-2023 15:51:30:626,-64,15m_1
61,11-07-2023 15:51:32:626,-64,15m_1
62,11-07-2023 15:51:34:627,-64,15m_1
63,11-07-2023 15:51:36:628,-64,15m_1
64,11-07-2023 15:51:38:628,-64,15m_1
65,11-07-2023 15:51:40:628,-64,15m_1
66,11-07-2023 15:51:42:629,-64,15m_1
67,11-07-2023 15:51:44:632,-64,15m_1
68,11-07-2023 15:51:46:628,-64,15m_1
69,11-07-2023 15:51:48:629,-64,15m_1
70,11-07-2023 15:51:50:629,-64,15m_1
71,11-07-2023 15:51:52:629,-64,15m_1
72,11-07-2023 15:51:54:631,-64,15m_1
73,11-07-2023 15:51:56:632,-64,15m_1
74,11-07-2023 15:51:58:631,-64,15m_1
0,Mac Address ,28:DE:65:6E:4E:16,17.5_1
1,Time, RSSI,17.5_1
2,11-07-2023 15:53:59:782,-76,17.5_1
3,11-07-2023 15:54:01:784,-76,17.5_1
4,11-07-2023 15:54:03:783,-76,17.5_1
5,11-07-2023 15:54:05:783,-76,17.5_1
6,11-07-2023 15:54:07:784,-75,17.5_1
7,11-07-2023 15:54:09:786,-74,17.5_1
8,11-07-2023 15:54:11:785,-74,17.5_1
9,11-07-2023 15:54:13:786,-74,17.5_1
10,11-07-2023 15:54:15:787,-74,17.5_1
11,11-07-2023 15:54:17:787,-74,17.5_1
12,11-07-2023 15:54:19:787,-74,17.5_1
13,11-07-2023 15:54:21:788,-73,17.5_1
14,11-07-2023 15:54:23:788,-73,17.5_1
15,11-07-2023 15:54:25:788,-73,17.5_1
16,11-07-2023 15:54:27:789,-71,17.5_1
17,11-07-2023 15:54:29:790,-71,17.5_1
18,11-07-2023 15:54:31:789,-71,17.5_1
19,11-07-2023 15:54:33:788,-71,17.5_1
20,11-07-2023 15:54:35:790,-72,17.5_1
21,11-07-2023 15:54:37:790,-72,17.5_1
22,11-07-2023 15:54:39:790,-72,17.5_1
23,11-07-2023 15:54:41:790,-72,17.5_1
24,11-07-2023 15:54:43:796,-72,17.5_1
25,11-07-2023 15:54:45:792,-72,17.5_1
26,11-07-2023 15:54:47:793,-72,17.5_1
27,11-07-2023 15:54:49:793,-72,17.5_1
28,11-07-2023 15:54:51:793,-72,17.5_1
29,11-07-2023 15:54:53:793,-72,17.5_1
30,11-07-2023 15:54:55:794,-72,17.5_1
31,11-07-2023 15:54:57:794,-72,17.5_1
32,11-07-2023 15:54:59:795,-72,17.5_1
33,11-07-2023 15:55:01:794,-72,17.5_1
34,11-07-2023 15:55:03:793,-69,17.5_1
35,11-07-2023 15:55:05:794,-69,17.5_1
36,11-07-2023 15:55:07:795,-69,17.5_1
37,11-07-2023 15:55:09:795,-69,17.5_1
38,11-07-2023 15:55:11:796,-69,17.5_1
39,11-07-2023 15:55:13:797,-69,17.5_1
40,11-07-2023 15:55:15:797,-69,17.5_1
41,11-07-2023 15:55:17:796,-69,17.5_1
42,11-07-2023 15:55:19:796,-69,17.5_1
43,11-07-2023 15:55:21:797,-69,17.5_1
44,11-07-2023 15:55:23:796,-69,17.5_1
45,11-07-2023 15:55:25:796,-69,17.5_1
46,11-07-2023 15:55:27:796,-69,17.5_1
47,11-07-2023 15:55:29:796,-69,17.5_1
48,11-07-2023 15:55:31:797,-69,17.5_1
49,11-07-2023 15:55:33:796,-69,17.5_1
50,11-07-2023 15:55:35:799,-69,17.5_1
51,11-07-2023 15:55:37:798,-69,17.5_1
52,11-07-2023 15:55:39:797,-69,17.5_1
53,11-07-2023 15:55:41:799,-69,17.5_1
54,11-07-2023 15:55:43:798,-69,17.5_1
55,11-07-2023 15:55:45:800,-69,17.5_1
56,11-07-2023 15:55:47:800,-69,17.5_1
57,11-07-2023 15:55:49:800,-69,17.5_1
58,11-07-2023 15:55:51:799,-69,17.5_1
59,11-07-2023 15:55:53:801,-69,17.5_1
60,11-07-2023 15:55:55:800,-71,17.5_1
0,Mac Address ,28:DE:65:6E:4E:16,17.5_2
1,Time, RSSI,17.5_2
2,11-07-2023 15:54:20:654,-73,17.5_2
3,11-07-2023 15:54:22:654,-73,17.5_2
4,11-07-2023 15:54:24:654,-72,17.5_2
5,11-07-2023 15:54:26:655,-72,17.5_2
6,11-07-2023 15:54:28:653,-72,17.5_2
7,11-07-2023 15:54:30:654,-72,17.5_2
8,11-07-2023 15:54:32:654,-72,17.5_2
9,11-07-2023 15:54:34:655,-71,17.5_2
10,11-07-2023 15:54:36:654,-72,17.5_2
11,11-07-2023 15:54:38:655,-72,17.5_2
12,11-07-2023 15:54:40:655,-72,17.5_2
13,11-07-2023 15:54:42:654,-72,17.5_2
14,11-07-2023 15:54:44:654,-72,17.5_2
15,11-07-2023 15:54:46:655,-72,17.5_2
16,11-07-2023 15:54:48:654,-72,17.5_2
17,11-07-2023 15:54:50:655,-72,17.5_2
18,11-07-2023 15:54:52:655,-72,17.5_2
19,11-07-2023 15:54:54:655,-71,17.5_2
20,11-07-2023 15:54:56:655,-71,17.5_2
21,11-07-2023 15:54:58:656,-71,17.5_2
22,11-07-2023 15:55:00:656,-71,17.5_2
23,11-07-2023 15:55:02:656,-70,17.5_2
24,11-07-2023 15:55:04:657,-70,17.5_2
25,11-07-2023 15:55:06:657,-70,17.5_2
26,11-07-2023 15:55:08:657,-70,17.5_2
27,11-07-2023 15:55:10:658,-70,17.5_2
28,11-07-2023 15:55:12:657,-70,17.5_2
29,11-07-2023 15:55:14:657,-70,17.5_2
30,11-07-2023 15:55:16:658,-70,17.5_2
31,11-07-2023 15:55:18:657,-70,17.5_2
32,11-07-2023 15:55:20:657,-70,17.5_2
33,11-07-2023 15:55:22:658,-70,17.5_2
34,11-07-2023 15:55:24:657,-70,17.5_2
35,11-07-2023 15:55:26:658,-70,17.5_2
36,11-07-2023 15:55:28:658,-70,17.5_2
37,11-07-2023 15:55:30:659,-70,17.5_2
38,11-07-2023 15:55:32:658,-69,17.5_2
39,11-07-2023 15:55:34:659,-69,17.5_2
40,11-07-2023 15:55:36:658,-69,17.5_2
41,11-07-2023 15:55:38:659,-69,17.5_2
42,11-07-2023 15:55:40:659,-69,17.5_2
43,11-07-2023 15:55:42:659,-69,17.5_2
44,11-07-2023 15:55:44:660,-69,17.5_2
45,11-07-2023 15:55:46:662,-69,17.5_2
46,11-07-2023 15:55:48:660,-69,17.5_2
47,11-07-2023 15:55:50:658,-69,17.5_2
48,11-07-2023 15:55:52:660,-69,17.5_2
49,11-07-2023 15:55:54:660,-69,17.5_2
50,11-07-2023 15:55:56:659,-69,17.5_2
51,11-07-2023 15:55:58:661,-69,17.5_2
52,11-07-2023 15:56:00:660,-69,17.5_2
53,11-07-2023 15:56:02:660,-69,17.5_2
54,11-07-2023 15:56:04:661,-69,17.5_2
55,11-07-2023 15:56:06:662,-69,17.5_2
56,11-07-2023 15:56:08:662,-69,17.5_2
57,11-07-2023 15:56:10:662,-69,17.5_2
58,11-07-2023 15:56:12:663,-69,17.5_2
59,11-07-2023 15:56:14:664,-70,17.5_2
60,11-07-2023 15:56:16:663,-70,17.5_2
61,11-07-2023 15:56:18:663,-70,17.5_2
0,Mac Address ,28:DE:65:6E:4E:16,2.5m
1,Time, RSSI,2.5m
2,11-07-2023 14:58:03:974,-59,2.5m
3,11-07-2023 14:58:05:975,-59,2.5m
4,11-07-2023 14:58:07:975,-59,2.5m
5,11-07-2023 14:58:09:975,-59,2.5m
6,11-07-2023 14:58:11:976,-59,2.5m
7,11-07-2023 14:58:13:975,-57,2.5m
8,11-07-2023 14:58:15:976,-45,2.5m
9,11-07-2023 14:58:17:977,-45,2.5m
10,11-07-2023 14:58:19:978,-41,2.5m
11,11-07-2023 14:58:21:979,-41,2.5m
12,11-07-2023 14:58:23:978,-41,2.5m
13,11-07-2023 14:58:25:980,-40,2.5m
14,11-07-2023 14:58:27:979,-40,2.5m
15,11-07-2023 14:58:29:978,-40,2.5m
16,11-07-2023 14:58:31:980,-40,2.5m
17,11-07-2023 14:58:33:980,-40,2.5m
18,11-07-2023 14:58:35:981,-40,2.5m
19,11-07-2023 14:58:37:981,-39,2.5m
20,11-07-2023 14:58:39:981,-39,2.5m
21,11-07-2023 14:58:41:982,-39,2.5m
22,11-07-2023 14:58:43:983,-39,2.5m
23,11-07-2023 14:58:45:983,-39,2.5m
24,11-07-2023 14:58:47:984,-39,2.5m
25,11-07-2023 14:58:49:984,-38,2.5m
26,11-07-2023 14:58:51:985,-38,2.5m
27,11-07-2023 14:58:53:987,-39,2.5m
28,11-07-2023 14:58:55:986,-39,2.5m
29,11-07-2023 14:58:57:986,-40,2.5m
30,11-07-2023 14:58:59:986,-44,2.5m
31,11-07-2023 14:59:01:987,-44,2.5m
32,11-07-2023 14:59:03:987,-46,2.5m
33,11-07-2023 14:59:05:987,-46,2.5m
34,11-07-2023 14:59:07:988,-46,2.5m
35,11-07-2023 14:59:09:989,-44,2.5m
36,11-07-2023 14:59:11:989,-44,2.5m
37,11-07-2023 14:59:13:988,-44,2.5m
38,11-07-2023 14:59:15:989,-44,2.5m
39,11-07-2023 14:59:17:990,-41,2.5m
40,11-07-2023 14:59:19:990,-40,2.5m
41,11-07-2023 14:59:21:991,-40,2.5m
42,11-07-2023 14:59:23:991,-40,2.5m
43,11-07-2023 14:59:25:990,-40,2.5m
44,11-07-2023 14:59:27:991,-39,2.5m
45,11-07-2023 14:59:29:992,-39,2.5m
46,11-07-2023 14:59:31:990,-40,2.5m
47,11-07-2023 14:59:33:992,-40,2.5m
48,11-07-2023 14:59:35:991,-40,2.5m
49,11-07-2023 14:59:37:991,-40,2.5m
50,11-07-2023 14:59:39:991,-39,2.5m
51,11-07-2023 14:59:41:991,-39,2.5m
52,11-07-2023 14:59:43:991,-39,2.5m
53,11-07-2023 14:59:45:992,-39,2.5m
54,11-07-2023 14:59:47:993,-39,2.5m
55,11-07-2023 14:59:49:992,-39,2.5m
56,11-07-2023 14:59:51:992,-39,2.5m
57,11-07-2023 14:59:53:993,-39,2.5m
58,11-07-2023 14:59:55:994,-39,2.5m
59,11-07-2023 14:59:57:993,-39,2.5m
60,11-07-2023 14:59:59:994,-39,2.5m
61,11-07-2023 15:00:01:995,-39,2.5m
62,11-07-2023 15:00:03:994,-39,2.5m
63,11-07-2023 15:00:05:994,-39,2.5m
64,11-07-2023 15:00:07:994,-39,2.5m
65,11-07-2023 15:00:09:995,-39,2.5m
66,11-07-2023 15:00:11:996,-39,2.5m
67,11-07-2023 15:00:13:996,-39,2.5m
68,11-07-2023 15:00:15:996,-39,2.5m
69,11-07-2023 15:00:17:997,-39,2.5m
70,11-07-2023 15:00:19:997,-39,2.5m
71,11-07-2023 15:00:21:998,-39,2.5m
0,Mac Address ,28:DE:65:6E:4E:16,2.5m_1
1,Time, RSSI,2.5m_1
2,11-07-2023 14:57:59:730,-66,2.5m_1
3,11-07-2023 14:58:01:623,-66,2.5m_1
4,11-07-2023 14:58:03:623,-66,2.5m_1
5,11-07-2023 14:58:05:623,-65,2.5m_1
6,11-07-2023 14:58:07:623,-65,2.5m_1
7,11-07-2023 14:58:09:626,-65,2.5m_1
8,11-07-2023 14:58:11:625,-63,2.5m_1
9,11-07-2023 14:58:13:624,-61,2.5m_1
10,11-07-2023 14:58:15:627,-60,2.5m_1
11,11-07-2023 14:58:17:626,-60,2.5m_1
12,11-07-2023 14:58:19:626,-60,2.5m_1
13,11-07-2023 14:58:21:627,-60,2.5m_1
14,11-07-2023 14:58:23:628,-58,2.5m_1
15,11-07-2023 14:58:25:628,-58,2.5m_1
16,11-07-2023 14:58:27:627,-58,2.5m_1
17,11-07-2023 14:58:29:627,-58,2.5m_1
18,11-07-2023 14:58:31:629,-58,2.5m_1
19,11-07-2023 14:58:33:629,-58,2.5m_1
20,11-07-2023 14:58:35:631,-58,2.5m_1
21,11-07-2023 14:58:37:629,-58,2.5m_1
22,11-07-2023 14:58:39:629,-58,2.5m_1
23,11-07-2023 14:58:41:630,-58,2.5m_1
24,11-07-2023 14:58:43:630,-57,2.5m_1
25,11-07-2023 14:58:45:630,-57,2.5m_1
26,11-07-2023 14:58:47:632,-57,2.5m_1
27,11-07-2023 14:58:49:630,-57,2.5m_1
28,11-07-2023 14:58:51:632,-57,2.5m_1
29,11-07-2023 14:58:53:635,-57,2.5m_1
30,11-07-2023 14:58:55:631,-57,2.5m_1
31,11-07-2023 14:58:57:632,-57,2.5m_1
32,11-07-2023 14:58:59:632,-57,2.5m_1
33,11-07-2023 14:59:01:631,-57,2.5m_1
34,11-07-2023 14:59:03:632,-57,2.5m_1
35,11-07-2023 14:59:05:633,-57,2.5m_1
36,11-07-2023 14:59:07:632,-57,2.5m_1
37,11-07-2023 14:59:09:632,-57,2.5m_1
38,11-07-2023 14:59:11:632,-57,2.5m_1
39,11-07-2023 14:59:13:633,-57,2.5m_1
40,11-07-2023 14:59:15:633,-57,2.5m_1
41,11-07-2023 14:59:17:634,-57,2.5m_1
42,11-07-2023 14:59:19:635,-57,2.5m_1
43,11-07-2023 14:59:21:634,-57,2.5m_1
44,11-07-2023 14:59:23:635,-58,2.5m_1
45,11-07-2023 14:59:25:635,-58,2.5m_1
46,11-07-2023 14:59:27:636,-58,2.5m_1
47,11-07-2023 14:59:29:638,-58,2.5m_1
48,11-07-2023 14:59:31:638,-58,2.5m_1
49,11-07-2023 14:59:33:638,-58,2.5m_1
50,11-07-2023 14:59:35:638,-58,2.5m_1
51,11-07-2023 14:59:37:639,-58,2.5m_1
52,11-07-2023 14:59:39:641,-57,2.5m_1
53,11-07-2023 14:59:41:639,-57,2.5m_1
54,11-07-2023 14:59:43:640,-57,2.5m_1
55,11-07-2023 14:59:45:640,-57,2.5m_1
56,11-07-2023 14:59:47:641,-57,2.5m_1
57,11-07-2023 14:59:49:642,-56,2.5m_1
58,11-07-2023 14:59:51:642,-56,2.5m_1
59,11-07-2023 14:59:53:645,-56,2.5m_1
60,11-07-2023 14:59:55:643,-56,2.5m_1
61,11-07-2023 14:59:57:645,-56,2.5m_1
62,11-07-2023 14:59:59:644,-56,2.5m_1
63,11-07-2023 15:00:01:644,-56,2.5m_1
64,11-07-2023 15:00:03:645,-56,2.5m_1
65,11-07-2023 15:00:05:644,-56,2.5m_1
66,11-07-2023 15:00:07:644,-56,2.5m_1
67,11-07-2023 15:00:09:645,-56,2.5m_1
68,11-07-2023 15:00:11:645,-56,2.5m_1
69,11-07-2023 15:00:13:646,-56,2.5m_1
70,11-07-2023 15:00:15:647,-56,2.5m_1
71,11-07-2023 15:00:17:646,-56,2.5m_1
72,11-07-2023 15:00:19:647,-56,2.5m_1
73,11-07-2023 15:00:21:646,-56,2.5m_1
0,Mac Address ,28:DE:65:6E:4E:16,20m
1,Time, RSSI,20m
2,11-07-2023 15:57:45:825,-73,20m
3,11-07-2023 15:57:47:825,-73,20m
4,11-07-2023 15:57:49:826,-73,20m
5,11-07-2023 15:57:51:826,-73,20m
6,11-07-2023 15:57:53:826,-73,20m
7,11-07-2023 15:57:55:826,-73,20m
8,11-07-2023 15:57:57:826,-73,20m
9,11-07-2023 15:57:59:828,-72,20m
10,11-07-2023 15:58:01:826,-71,20m
11,11-07-2023 15:58:03:826,-71,20m
12,11-07-2023 15:58:05:825,-70,20m
13,11-07-2023 15:58:07:826,-70,20m
14,11-07-2023 15:58:09:827,-70,20m
15,11-07-2023 15:58:11:826,-70,20m
16,11-07-2023 15:58:13:826,-70,20m
17,11-07-2023 15:58:15:826,-70,20m
18,11-07-2023 15:58:17:826,-69,20m
19,11-07-2023 15:58:19:827,-69,20m
20,11-07-2023 15:58:21:827,-70,20m
21,11-07-2023 15:58:23:828,-70,20m
22,11-07-2023 15:58:25:826,-70,20m
23,11-07-2023 15:58:27:827,-70,20m
24,11-07-2023 15:58:29:826,-69,20m
25,11-07-2023 15:58:31:828,-69,20m
26,11-07-2023 15:58:33:827,-69,20m
27,11-07-2023 15:58:35:826,-69,20m
28,11-07-2023 15:58:37:828,-67,20m
29,11-07-2023 15:58:39:828,-67,20m
30,11-07-2023 15:58:41:831,-67,20m
31,11-07-2023 15:58:43:831,-67,20m
32,11-07-2023 15:58:45:831,-67,20m
33,11-07-2023 15:58:47:831,-67,20m
34,11-07-2023 15:58:49:832,-67,20m
35,11-07-2023 15:58:51:831,-67,20m
36,11-07-2023 15:58:53:832,-67,20m
37,11-07-2023 15:58:55:833,-67,20m
38,11-07-2023 15:58:57:832,-67,20m
39,11-07-2023 15:58:59:833,-67,20m
40,11-07-2023 15:59:01:834,-67,20m
41,11-07-2023 15:59:03:833,-67,20m
42,11-07-2023 15:59:05:832,-68,20m
43,11-07-2023 15:59:07:833,-69,20m
44,11-07-2023 15:59:09:834,-69,20m
45,11-07-2023 15:59:11:835,-69,20m
46,11-07-2023 15:59:13:833,-69,20m
47,11-07-2023 15:59:15:834,-69,20m
48,11-07-2023 15:59:17:834,-69,20m
49,11-07-2023 15:59:19:836,-70,20m
50,11-07-2023 15:59:21:837,-70,20m
51,11-07-2023 15:59:23:837,-70,20m
52,11-07-2023 15:59:25:836,-69,20m
53,11-07-2023 15:59:27:837,-69,20m
54,11-07-2023 15:59:29:838,-69,20m
55,11-07-2023 15:59:31:838,-69,20m
56,11-07-2023 15:59:33:836,-69,20m
57,11-07-2023 15:59:35:838,-69,20m
58,11-07-2023 15:59:37:837,-69,20m
59,11-07-2023 15:59:39:839,-70,20m
60,11-07-2023 15:59:41:838,-70,20m
61,11-07-2023 15:59:43:838,-70,20m
62,11-07-2023 15:59:45:840,-70,20m
63,11-07-2023 15:59:47:840,-70,20m
0,Mac Address ,28:DE:65:6E:4E:16,20_m
1,Time, RSSI,20_m
2,11-07-2023 15:33:34:951,-69,20_m
3,11-07-2023 15:33:36:951,-70,20_m
4,11-07-2023 15:33:38:951,-70,20_m
5,11-07-2023 15:33:40:952,-70,20_m
6,11-07-2023 15:33:42:952,-70,20_m
7,11-07-2023 15:33:44:951,-70,20_m
8,11-07-2023 15:33:46:952,-70,20_m
9,11-07-2023 15:33:48:951,-70,20_m
10,11-07-2023 15:33:50:953,-70,20_m
11,11-07-2023 15:33:52:952,-70,20_m
12,11-07-2023 15:33:54:951,-70,20_m
13,11-07-2023 15:33:56:951,-70,20_m
14,11-07-2023 15:33:58:952,-70,20_m
15,11-07-2023 15:34:00:952,-70,20_m
16,11-07-2023 15:34:02:953,-70,20_m
17,11-07-2023 15:34:04:953,-70,20_m
18,11-07-2023 15:34:06:952,-70,20_m
19,11-07-2023 15:34:08:953,-70,20_m
20,11-07-2023 15:34:10:953,-70,20_m
21,11-07-2023 15:34:12:953,-69,20_m
22,11-07-2023 15:34:14:954,-69,20_m
23,11-07-2023 15:34:16:955,-69,20_m
24,11-07-2023 15:34:18:955,-69,20_m
25,11-07-2023 15:34:20:956,-69,20_m
26,11-07-2023 15:34:22:955,-68,20_m
27,11-07-2023 15:34:24:955,-68,20_m
28,11-07-2023 15:34:26:955,-68,20_m
29,11-07-2023 15:34:28:956,-68,20_m
30,11-07-2023 15:34:30:956,-68,20_m
31,11-07-2023 15:34:32:956,-68,20_m
32,11-07-2023 15:34:34:957,-68,20_m
33,11-07-2023 15:34:36:957,-68,20_m
34,11-07-2023 15:34:38:958,-68,20_m
35,11-07-2023 15:34:40:958,-68,20_m
36,11-07-2023 15:34:42:959,-68,20_m
37,11-07-2023 15:34:44:959,-68,20_m
38,11-07-2023 15:34:46:960,-68,20_m
39,11-07-2023 15:34:48:960,-68,20_m
40,11-07-2023 15:34:50:960,-69,20_m
41,11-07-2023 15:34:52:961,-69,20_m
42,11-07-2023 15:34:54:961,-69,20_m
43,11-07-2023 15:34:56:963,-71,20_m
44,11-07-2023 15:34:58:962,-71,20_m
45,11-07-2023 15:35:00:963,-71,20_m
46,11-07-2023 15:35:02:963,-71,20_m
0,Mac Address ,28:DE:65:6E:4E:16,22.5m
1,Time, RSSI,22.5m
2,11-07-2023 16:04:16:937,-69,22.5m
3,11-07-2023 16:04:18:938,-69,22.5m
4,11-07-2023 16:04:20:939,-68,22.5m
5,11-07-2023 16:04:22:939,-67,22.5m
6,11-07-2023 16:04:24:939,-66,22.5m
7,11-07-2023 16:04:26:939,-66,22.5m
8,11-07-2023 16:04:28:939,-66,22.5m
9,11-07-2023 16:04:30:942,-66,22.5m
10,11-07-2023 16:04:32:941,-67,22.5m
11,11-07-2023 16:04:34:942,-68,22.5m
12,11-07-2023 16:04:36:943,-69,22.5m
13,11-07-2023 16:04:38:941,-69,22.5m
14,11-07-2023 16:04:40:943,-69,22.5m
15,11-07-2023 16:04:42:942,-69,22.5m
16,11-07-2023 16:04:44:944,-69,22.5m
17,11-07-2023 16:04:46:943,-69,22.5m
18,11-07-2023 16:04:48:943,-68,22.5m
19,11-07-2023 16:04:50:943,-67,22.5m
20,11-07-2023 16:04:52:944,-67,22.5m
21,11-07-2023 16:04:54:944,-66,22.5m
22,11-07-2023 16:04:56:944,-66,22.5m
23,11-07-2023 16:04:58:945,-66,22.5m
24,11-07-2023 16:05:00:945,-67,22.5m
25,11-07-2023 16:05:02:945,-67,22.5m
26,11-07-2023 16:05:04:945,-67,22.5m
27,11-07-2023 16:05:06:945,-67,22.5m
28,11-07-2023 16:05:08:945,-67,22.5m
29,11-07-2023 16:05:10:945,-67,22.5m
30,11-07-2023 16:05:12:945,-67,22.5m
31,11-07-2023 16:05:14:945,-67,22.5m
32,11-07-2023 16:05:16:945,-67,22.5m
33,11-07-2023 16:05:18:944,-67,22.5m
34,11-07-2023 16:05:20:945,-67,22.5m
35,11-07-2023 16:05:22:945,-68,22.5m
36,11-07-2023 16:05:24:948,-68,22.5m
37,11-07-2023 16:05:26:947,-68,22.5m
38,11-07-2023 16:05:28:946,-68,22.5m
39,11-07-2023 16:05:30:945,-68,22.5m
40,11-07-2023 16:05:32:946,-67,22.5m
41,11-07-2023 16:05:34:946,-67,22.5m
42,11-07-2023 16:05:36:947,-67,22.5m
43,11-07-2023 16:05:38:947,-66,22.5m
44,11-07-2023 16:05:40:948,-66,22.5m
45,11-07-2023 16:05:42:947,-66,22.5m
46,11-07-2023 16:05:44:947,-66,22.5m
47,11-07-2023 16:05:46:948,-65,22.5m
48,11-07-2023 16:05:48:952,-65,22.5m
49,11-07-2023 16:05:50:948,-65,22.5m
50,11-07-2023 16:05:52:949,-65,22.5m
51,11-07-2023 16:05:54:950,-65,22.5m
52,11-07-2023 16:05:56:950,-64,22.5m
53,11-07-2023 16:05:58:951,-64,22.5m
54,11-07-2023 16:06:00:953,-64,22.5m
55,11-07-2023 16:06:02:954,-64,22.5m
56,11-07-2023 16:06:04:954,-64,22.5m
57,11-07-2023 16:06:06:961,-64,22.5m
58,11-07-2023 16:06:08:955,-64,22.5m
59,11-07-2023 16:06:10:955,-65,22.5m
60,11-07-2023 16:06:12:956,-65,22.5m
61,11-07-2023 16:06:14:956,-65,22.5m
62,11-07-2023 16:06:16:957,-65,22.5m
63,11-07-2023 16:06:18:957,-65,22.5m
64,11-07-2023 16:06:20:957,-65,22.5m
65,11-07-2023 16:06:22:957,-67,22.5m
66,11-07-2023 16:06:24:958,-67,22.5m
67,11-07-2023 16:06:26:958,-67,22.5m
68,11-07-2023 16:06:28:958,-67,22.5m
69,11-07-2023 16:06:30:960,-67,22.5m
70,11-07-2023 16:06:32:959,-67,22.5m
71,11-07-2023 16:06:34:960,-69,22.5m
72,11-07-2023 16:06:36:959,-69,22.5m
73,11-07-2023 16:06:38:959,-69,22.5m
74,11-07-2023 16:06:40:960,-69,22.5m
75,11-07-2023 16:06:42:960,-69,22.5m
76,11-07-2023 16:06:44:959,-69,22.5m
77,11-07-2023 16:06:46:960,-69,22.5m
78,11-07-2023 16:06:48:960,-69,22.5m
79,11-07-2023 16:06:50:960,-69,22.5m
80,11-07-2023 16:06:52:961,-69,22.5m
81,11-07-2023 16:06:54:961,-69,22.5m
82,11-07-2023 16:06:56:961,-69,22.5m
83,11-07-2023 16:06:58:960,-69,22.5m
84,11-07-2023 16:07:00:961,-69,22.5m
85,11-07-2023 16:07:02:961,-69,22.5m
86,11-07-2023 16:07:04:962,-69,22.5m
87,11-07-2023 16:07:06:962,-69,22.5m
88,11-07-2023 16:07:08:962,-68,22.5m
89,11-07-2023 16:07:10:962,-69,22.5m
90,11-07-2023 16:07:12:962,-69,22.5m
91,11-07-2023 16:07:14:962,-69,22.5m
92,11-07-2023 16:07:16:962,-69,22.5m
93,11-07-2023 16:07:18:962,-69,22.5m
0,Mac Address ,28:DE:65:6E:4E:16,22.5m_1
1,Time, RSSI,22.5m_1
2,11-07-2023 16:04:44:736,-68,22.5m_1
3,11-07-2023 16:04:46:736,-68,22.5m_1
4,11-07-2023 16:04:48:737,-68,22.5m_1
5,11-07-2023 16:04:50:738,-68,22.5m_1
6,11-07-2023 16:04:52:738,-67,22.5m_1
7,11-07-2023 16:04:54:738,-67,22.5m_1
8,11-07-2023 16:04:56:739,-67,22.5m_1
9,11-07-2023 16:04:58:739,-66,22.5m_1
10,11-07-2023 16:05:00:739,-66,22.5m_1
11,11-07-2023 16:05:02:741,-66,22.5m_1
12,11-07-2023 16:05:04:742,-66,22.5m_1
13,11-07-2023 16:05:06:742,-66,22.5m_1
14,11-07-2023 16:05:08:742,-66,22.5m_1
15,11-07-2023 16:05:10:742,-66,22.5m_1
16,11-07-2023 16:05:12:743,-66,22.5m_1
17,11-07-2023 16:05:14:741,-64,22.5m_1
18,11-07-2023 16:05:16:743,-63,22.5m_1
19,11-07-2023 16:05:18:742,-63,22.5m_1
20,11-07-2023 16:05:20:742,-63,22.5m_1
21,11-07-2023 16:05:22:742,-63,22.5m_1
22,11-07-2023 16:05:24:743,-63,22.5m_1
23,11-07-2023 16:05:26:742,-63,22.5m_1
24,11-07-2023 16:05:28:743,-63,22.5m_1
25,11-07-2023 16:05:30:743,-63,22.5m_1
26,11-07-2023 16:05:32:742,-63,22.5m_1
27,11-07-2023 16:05:34:743,-63,22.5m_1
28,11-07-2023 16:05:36:745,-63,22.5m_1
29,11-07-2023 16:05:38:743,-63,22.5m_1
30,11-07-2023 16:05:40:744,-63,22.5m_1
31,11-07-2023 16:05:42:744,-63,22.5m_1
32,11-07-2023 16:05:44:746,-63,22.5m_1
33,11-07-2023 16:05:46:746,-63,22.5m_1
34,11-07-2023 16:05:48:747,-63,22.5m_1
35,11-07-2023 16:05:50:747,-63,22.5m_1
36,11-07-2023 16:05:52:750,-63,22.5m_1
37,11-07-2023 16:05:54:748,-62,22.5m_1
38,11-07-2023 16:05:56:747,-62,22.5m_1
39,11-07-2023 16:05:58:748,-61,22.5m_1
40,11-07-2023 16:06:00:748,-61,22.5m_1
41,11-07-2023 16:06:02:748,-61,22.5m_1
42,11-07-2023 16:06:04:749,-61,22.5m_1
43,11-07-2023 16:06:06:751,-61,22.5m_1
44,11-07-2023 16:06:08:749,-61,22.5m_1
45,11-07-2023 16:06:10:749,-61,22.5m_1
46,11-07-2023 16:06:12:750,-61,22.5m_1
47,11-07-2023 16:06:14:750,-61,22.5m_1
48,11-07-2023 16:06:16:750,-61,22.5m_1
49,11-07-2023 16:06:18:749,-61,22.5m_1
50,11-07-2023 16:06:20:749,-61,22.5m_1
51,11-07-2023 16:06:22:750,-61,22.5m_1
52,11-07-2023 16:06:24:750,-61,22.5m_1
53,11-07-2023 16:06:26:750,-62,22.5m_1
54,11-07-2023 16:06:28:751,-62,22.5m_1
55,11-07-2023 16:06:30:751,-63,22.5m_1
56,11-07-2023 16:06:32:752,-63,22.5m_1
57,11-07-2023 16:06:34:752,-63,22.5m_1
58,11-07-2023 16:06:36:753,-63,22.5m_1
59,11-07-2023 16:06:38:754,-63,22.5m_1
60,11-07-2023 16:06:40:753,-63,22.5m_1
61,11-07-2023 16:06:42:753,-63,22.5m_1
62,11-07-2023 16:06:44:754,-63,22.5m_1
63,11-07-2023 16:06:46:753,-63,22.5m_1
64,11-07-2023 16:06:48:753,-63,22.5m_1
65,11-07-2023 16:06:50:753,-62,22.5m_1
66,11-07-2023 16:06:52:753,-62,22.5m_1
67,11-07-2023 16:06:54:753,-62,22.5m_1
68,11-07-2023 16:06:56:753,-62,22.5m_1
69,11-07-2023 16:06:58:753,-62,22.5m_1
70,11-07-2023 16:07:00:753,-62,22.5m_1
71,11-07-2023 16:07:02:753,-62,22.5m_1
72,11-07-2023 16:07:04:754,-62,22.5m_1
73,11-07-2023 16:07:06:754,-62,22.5m_1
74,11-07-2023 16:07:08:755,-62,22.5m_1
75,11-07-2023 16:07:10:755,-63,22.5m_1
76,11-07-2023 16:07:12:755,-64,22.5m_1
77,11-07-2023 16:07:14:755,-64,22.5m_1
78,11-07-2023 16:07:16:755,-65,22.5m_1
79,11-07-2023 16:07:18:756,-65,22.5m_1
80,11-07-2023 16:07:20:758,-65,22.5m_1
81,11-07-2023 16:07:22:756,-65,22.5m_1
82,11-07-2023 16:07:24:757,-65,22.5m_1
83,11-07-2023 16:07:26:757,-64,22.5m_1
84,11-07-2023 16:07:28:758,-64,22.5m_1
85,11-07-2023 16:07:30:757,-63,22.5m_1
86,11-07-2023 16:07:32:757,-63,22.5m_1
87,11-07-2023 16:07:34:757,-63,22.5m_1
88,11-07-2023 16:07:36:758,-63,22.5m_1
89,11-07-2023 16:07:38:759,-63,22.5m_1
90,11-07-2023 16:07:40:758,-63,22.5m_1
91,11-07-2023 16:07:42:759,-63,22.5m_1
92,11-07-2023 16:07:44:758,-63,22.5m_1
0,Mac Address ,28:DE:65:6E:4E:16,22e
1,Time, RSSI,22e
2,11-07-2023 17:05:08:301,-77,22e
3,11-07-2023 17:05:10:301,-77,22e
4,11-07-2023 17:05:12:302,-77,22e
5,11-07-2023 17:05:14:302,-77,22e
6,11-07-2023 17:05:16:303,-77,22e
7,11-07-2023 17:05:18:303,-76,22e
8,11-07-2023 17:05:20:301,-76,22e
9,11-07-2023 17:05:22:302,-77,22e
10,11-07-2023 17:05:24:302,-76,22e
11,11-07-2023 17:05:26:302,-76,22e
12,11-07-2023 17:05:28:303,-76,22e
13,11-07-2023 17:05:30:305,-76,22e
14,11-07-2023 17:05:32:304,-76,22e
15,11-07-2023 17:05:34:304,-76,22e
16,11-07-2023 17:05:36:305,-76,22e
17,11-07-2023 17:05:38:304,-76,22e
18,11-07-2023 17:05:40:305,-76,22e
19,11-07-2023 17:05:42:306,-76,22e
20,11-07-2023 17:05:44:306,-76,22e
21,11-07-2023 17:05:46:306,-76,22e
22,11-07-2023 17:05:48:307,-76,22e
23,11-07-2023 17:05:50:307,-76,22e
24,11-07-2023 17:05:52:307,-73,22e
25,11-07-2023 17:05:54:308,-73,22e
26,11-07-2023 17:05:56:309,-73,22e
27,11-07-2023 17:05:58:310,-73,22e
28,11-07-2023 17:06:00:310,-73,22e
29,11-07-2023 17:06:02:311,-72,22e
30,11-07-2023 17:06:04:311,-72,22e
31,11-07-2023 17:06:06:310,-72,22e
32,11-07-2023 17:06:08:311,-72,22e
33,11-07-2023 17:06:10:311,-72,22e
34,11-07-2023 17:06:12:310,-72,22e
35,11-07-2023 17:06:14:312,-72,22e
36,11-07-2023 17:06:16:312,-72,22e
37,11-07-2023 17:06:18:311,-73,22e
38,11-07-2023 17:06:20:312,-74,22e
39,11-07-2023 17:06:22:313,-75,22e
0,Mac Address ,28:DE:65:6E:4E:16,25e
1,Time, RSSI,25e
2,11-07-2023 17:00:35:656,-72,25e
3,11-07-2023 17:00:37:658,-72,25e
4,11-07-2023 17:00:39:657,-72,25e
5,11-07-2023 17:00:41:657,-72,25e
6,11-07-2023 17:00:43:656,-72,25e
7,11-07-2023 17:00:45:657,-73,25e
8,11-07-2023 17:00:47:657,-73,25e
9,11-07-2023 17:00:49:658,-73,25e
10,11-07-2023 17:00:51:659,-73,25e
11,11-07-2023 17:00:53:660,-74,25e
12,11-07-2023 17:00:55:660,-74,25e
13,11-07-2023 17:00:57:660,-75,25e
14,11-07-2023 17:00:59:659,-75,25e
15,11-07-2023 17:01:01:660,-75,25e
16,11-07-2023 17:01:03:659,-75,25e
17,11-07-2023 17:01:05:659,-75,25e
18,11-07-2023 17:01:07:659,-75,25e
19,11-07-2023 17:01:09:660,-75,25e
20,11-07-2023 17:01:11:660,-75,25e
21,11-07-2023 17:01:13:659,-75,25e
22,11-07-2023 17:01:15:661,-75,25e
23,11-07-2023 17:01:17:661,-75,25e
24,11-07-2023 17:01:19:663,-75,25e
25,11-07-2023 17:01:21:662,-75,25e
26,11-07-2023 17:01:23:663,-75,25e
27,11-07-2023 17:01:25:663,-75,25e
28,11-07-2023 17:01:27:664,-75,25e
29,11-07-2023 17:01:29:663,-74,25e
30,11-07-2023 17:01:31:664,-74,25e
31,11-07-2023 17:01:33:664,-74,25e
32,11-07-2023 17:01:35:664,-74,25e
33,11-07-2023 17:01:37:664,-74,25e
34,11-07-2023 17:01:39:665,-74,25e
35,11-07-2023 17:01:41:664,-74,25e
36,11-07-2023 17:01:43:666,-74,25e
37,11-07-2023 17:01:45:665,-74,25e
38,11-07-2023 17:01:47:665,-74,25e
39,11-07-2023 17:01:49:666,-74,25e
40,11-07-2023 17:01:51:666,-73,25e
41,11-07-2023 17:01:53:666,-73,25e
42,11-07-2023 17:01:55:666,-73,25e
43,11-07-2023 17:01:57:667,-73,25e
44,11-07-2023 17:01:59:667,-73,25e
45,11-07-2023 17:02:01:667,-72,25e
46,11-07-2023 17:02:03:667,-72,25e
47,11-07-2023 17:02:05:668,-72,25e
48,11-07-2023 17:02:07:668,-72,25e
49,11-07-2023 17:02:09:668,-72,25e
50,11-07-2023 17:02:11:667,-72,25e
51,11-07-2023 17:02:13:668,-72,25e
52,11-07-2023 17:02:15:669,-72,25e
53,11-07-2023 17:02:17:668,-73,25e
54,11-07-2023 17:02:19:668,-73,25e
55,11-07-2023 17:02:21:669,-73,25e
56,11-07-2023 17:02:23:669,-73,25e
57,11-07-2023 17:02:25:669,-72,25e
0,Mac Address ,28:DE:65:6E:4E:16,25m
1,Time, RSSI,25m
2,11-07-2023 16:08:58:978,-70,25m
3,11-07-2023 16:09:00:979,-70,25m
4,11-07-2023 16:09:02:979,-70,25m
5,11-07-2023 16:09:04:978,-70,25m
6,11-07-2023 16:09:06:980,-70,25m
7,11-07-2023 16:09:08:980,-70,25m
8,11-07-2023 16:09:10:979,-70,25m
9,11-07-2023 16:09:12:979,-69,25m
10,11-07-2023 16:09:14:980,-69,25m
11,11-07-2023 16:09:16:981,-69,25m
12,11-07-2023 16:09:18:981,-69,25m
13,11-07-2023 16:09:20:980,-69,25m
14,11-07-2023 16:09:22:981,-69,25m
15,11-07-2023 16:09:24:981,-69,25m
16,11-07-2023 16:09:26:982,-69,25m
17,11-07-2023 16:09:28:983,-69,25m
18,11-07-2023 16:09:30:983,-69,25m
19,11-07-2023 16:09:32:983,-69,25m
20,11-07-2023 16:09:34:987,-69,25m
21,11-07-2023 16:09:36:983,-70,25m
22,11-07-2023 16:09:38:988,-71,25m
23,11-07-2023 16:09:40:986,-71,25m
24,11-07-2023 16:09:42:986,-71,25m
25,11-07-2023 16:09:44:987,-71,25m
26,11-07-2023 16:09:46:988,-71,25m
27,11-07-2023 16:09:48:989,-71,25m
28,11-07-2023 16:09:50:988,-71,25m
29,11-07-2023 16:09:52:988,-71,25m
30,11-07-2023 16:09:54:989,-71,25m
31,11-07-2023 16:09:56:989,-71,25m
32,11-07-2023 16:09:58:989,-71,25m
33,11-07-2023 16:10:00:990,-71,25m
34,11-07-2023 16:10:02:990,-71,25m
35,11-07-2023 16:10:04:990,-71,25m
36,11-07-2023 16:10:06:991,-72,25m
37,11-07-2023 16:10:08:989,-72,25m
38,11-07-2023 16:10:10:990,-73,25m
39,11-07-2023 16:10:12:990,-72,25m
40,11-07-2023 16:10:14:991,-72,25m
41,11-07-2023 16:10:16:991,-72,25m
42,11-07-2023 16:10:18:992,-72,25m
43,11-07-2023 16:10:20:993,-72,25m
44,11-07-2023 16:10:22:992,-72,25m
45,11-07-2023 16:10:24:997,-72,25m
46,11-07-2023 16:10:26:997,-71,25m
47,11-07-2023 16:10:28:998,-71,25m
48,11-07-2023 16:10:30:997,-71,25m
49,11-07-2023 16:10:32:998,-71,25m
50,11-07-2023 16:10:34:998,-71,25m
51,11-07-2023 16:10:36:999,-71,25m
52,11-07-2023 16:10:38:998,-71,25m
53,11-07-2023 16:10:40:999,-71,25m
54,11-07-2023 16:10:42:999,-71,25m
55,11-07-2023 16:10:45:000,-71,25m
56,11-07-2023 16:10:47:001,-71,25m
57,11-07-2023 16:10:49:002,-68,25m
58,11-07-2023 16:10:51:002,-68,25m
59,11-07-2023 16:10:53:003,-68,25m
60,11-07-2023 16:10:55:002,-68,25m
61,11-07-2023 16:10:57:002,-68,25m
62,11-07-2023 16:10:59:004,-68,25m
63,11-07-2023 16:11:01:005,-68,25m
64,11-07-2023 16:11:03:004,-68,25m
0,Mac Address ,28:DE:65:6E:4E:16,25m_1
1,Time, RSSI,25m_1
2,11-07-2023 16:15:56:844,-71,25m_1
3,11-07-2023 16:15:58:846,-71,25m_1
4,11-07-2023 16:16:00:847,-71,25m_1
5,11-07-2023 16:16:02:847,-71,25m_1
6,11-07-2023 16:16:04:847,-71,25m_1
7,11-07-2023 16:16:06:847,-72,25m_1
8,11-07-2023 16:16:08:847,-72,25m_1
9,11-07-2023 16:16:10:848,-72,25m_1
10,11-07-2023 16:16:12:847,-72,25m_1
11,11-07-2023 16:16:14:848,-72,25m_1
12,11-07-2023 16:16:16:848,-72,25m_1
13,11-07-2023 16:16:18:848,-72,25m_1
14,11-07-2023 16:16:20:848,-72,25m_1
15,11-07-2023 16:16:22:848,-71,25m_1
16,11-07-2023 16:16:24:848,-71,25m_1
17,11-07-2023 16:16:26:848,-71,25m_1
18,11-07-2023 16:16:28:848,-72,25m_1
19,11-07-2023 16:16:30:849,-72,25m_1
20,11-07-2023 16:16:32:849,-72,25m_1
21,11-07-2023 16:16:34:848,-72,25m_1
22,11-07-2023 16:16:36:848,-73,25m_1
23,11-07-2023 16:16:38:849,-75,25m_1
24,11-07-2023 16:16:40:850,-75,25m_1
25,11-07-2023 16:16:42:849,-75,25m_1
26,11-07-2023 16:16:44:849,-75,25m_1
27,11-07-2023 16:16:46:850,-75,25m_1
28,11-07-2023 16:16:48:850,-75,25m_1
29,11-07-2023 16:16:50:850,-75,25m_1
30,11-07-2023 16:16:52:850,-75,25m_1
31,11-07-2023 16:16:54:850,-75,25m_1
32,11-07-2023 16:16:56:851,-75,25m_1
33,11-07-2023 16:16:58:850,-75,25m_1
34,11-07-2023 16:17:00:851,-75,25m_1
35,11-07-2023 16:17:02:852,-75,25m_1
36,11-07-2023 16:17:04:852,-75,25m_1
37,11-07-2023 16:17:06:851,-75,25m_1
38,11-07-2023 16:17:08:852,-75,25m_1
0,Mac Address ,28:DE:65:6E:4E:16,27.5m
1,Time, RSSI,27.5m
2,11-07-2023 16:19:00:063,-67,27.5m
3,11-07-2023 16:19:02:063,-67,27.5m
4,11-07-2023 16:19:04:064,-67,27.5m
5,11-07-2023 16:19:06:063,-66,27.5m
6,11-07-2023 16:19:08:063,-65,27.5m
7,11-07-2023 16:19:10:065,-65,27.5m
8,11-07-2023 16:19:12:065,-65,27.5m
9,11-07-2023 16:19:14:063,-65,27.5m
10,11-07-2023 16:19:16:065,-65,27.5m
11,11-07-2023 16:19:18:064,-65,27.5m
12,11-07-2023 16:19:20:065,-65,27.5m
13,11-07-2023 16:19:22:065,-65,27.5m
14,11-07-2023 16:19:24:066,-65,27.5m
15,11-07-2023 16:19:26:066,-65,27.5m
16,11-07-2023 16:19:28:066,-65,27.5m
17,11-07-2023 16:19:30:065,-65,27.5m
18,11-07-2023 16:19:32:065,-65,27.5m
19,11-07-2023 16:19:34:066,-65,27.5m
20,11-07-2023 16:19:36:067,-65,27.5m
21,11-07-2023 16:19:38:067,-65,27.5m
22,11-07-2023 16:19:40:069,-65,27.5m
23,11-07-2023 16:19:42:067,-65,27.5m
24,11-07-2023 16:19:44:067,-65,27.5m
25,11-07-2023 16:19:46:069,-65,27.5m
26,11-07-2023 16:19:48:068,-65,27.5m
27,11-07-2023 16:19:50:068,-64,27.5m
28,11-07-2023 16:19:52:069,-64,27.5m
29,11-07-2023 16:19:54:070,-64,27.5m
30,11-07-2023 16:19:56:069,-64,27.5m
31,11-07-2023 16:19:58:070,-64,27.5m
32,11-07-2023 16:20:00:071,-64,27.5m
33,11-07-2023 16:20:02:072,-64,27.5m
34,11-07-2023 16:20:04:071,-64,27.5m
35,11-07-2023 16:20:06:071,-65,27.5m
36,11-07-2023 16:20:08:072,-65,27.5m
37,11-07-2023 16:20:10:071,-65,27.5m
38,11-07-2023 16:20:12:071,-65,27.5m
0,Mac Address ,28:DE:65:6E:4E:16,27.5m_1
1,Time, RSSI,27.5m_1
2,11-07-2023 16:19:12:873,-81,27.5m_1
3,11-07-2023 16:19:14:874,-81,27.5m_1
4,11-07-2023 16:19:16:873,-80,27.5m_1
5,11-07-2023 16:19:18:874,-79,27.5m_1
6,11-07-2023 16:19:20:874,-79,27.5m_1
7,11-07-2023 16:19:22:875,-79,27.5m_1
8,11-07-2023 16:19:24:874,-79,27.5m_1
9,11-07-2023 16:19:26:875,-79,27.5m_1
10,11-07-2023 16:19:28:875,-77,27.5m_1
11,11-07-2023 16:19:30:876,-77,27.5m_1
12,11-07-2023 16:19:32:876,-76,27.5m_1
13,11-07-2023 16:19:34:876,-76,27.5m_1
14,11-07-2023 16:19:36:876,-75,27.5m_1
15,11-07-2023 16:19:38:876,-74,27.5m_1
16,11-07-2023 16:19:40:876,-73,27.5m_1
17,11-07-2023 16:19:42:876,-73,27.5m_1
18,11-07-2023 16:19:44:877,-73,27.5m_1
19,11-07-2023 16:19:46:877,-73,27.5m_1
20,11-07-2023 16:19:48:878,-73,27.5m_1
21,11-07-2023 16:19:50:878,-73,27.5m_1
22,11-07-2023 16:19:52:877,-73,27.5m_1
23,11-07-2023 16:19:54:878,-74,27.5m_1
24,11-07-2023 16:19:56:880,-74,27.5m_1
25,11-07-2023 16:19:58:880,-74,27.5m_1
26,11-07-2023 16:20:00:880,-76,27.5m_1
27,11-07-2023 16:20:02:881,-76,27.5m_1
28,11-07-2023 16:20:04:881,-78,27.5m_1
29,11-07-2023 16:20:06:880,-78,27.5m_1
30,11-07-2023 16:20:08:882,-78,27.5m_1
31,11-07-2023 16:20:10:880,-78,27.5m_1
32,11-07-2023 16:20:12:879,-78,27.5m_1
33,11-07-2023 16:20:14:880,-78,27.5m_1
34,11-07-2023 16:20:16:881,-78,27.5m_1
35,11-07-2023 16:20:18:881,-78,27.5m_1
36,11-07-2023 16:20:20:883,-78,27.5m_1
37,11-07-2023 16:20:22:882,-78,27.5m_1
38,11-07-2023 16:20:24:881,-78,27.5m_1
39,11-07-2023 16:20:26:884,-78,27.5m_1
40,11-07-2023 16:20:28:884,-78,27.5m_1
41,11-07-2023 16:20:30:883,-78,27.5m_1
42,11-07-2023 16:20:32:884,-78,27.5m_1
43,11-07-2023 16:20:34:884,-78,27.5m_1
44,11-07-2023 16:20:36:883,-78,27.5m_1
45,11-07-2023 16:20:38:884,-78,27.5m_1
46,11-07-2023 16:20:40:884,-78,27.5m_1
0,Mac Address ,28:DE:65:6E:4E:16,27.5m_2
1,Time, RSSI,27.5m_2
2,11-07-2023 16:28:02:142,-67,27.5m_2
3,11-07-2023 16:28:04:143,-67,27.5m_2
4,11-07-2023 16:28:06:143,-67,27.5m_2
5,11-07-2023 16:28:08:142,-66,27.5m_2
6,11-07-2023 16:28:10:143,-66,27.5m_2
7,11-07-2023 16:28:12:143,-65,27.5m_2
8,11-07-2023 16:28:14:145,-65,27.5m_2
9,11-07-2023 16:28:16:145,-65,27.5m_2
10,11-07-2023 16:28:18:145,-65,27.5m_2
11,11-07-2023 16:28:20:145,-65,27.5m_2
12,11-07-2023 16:28:22:145,-65,27.5m_2
13,11-07-2023 16:28:24:146,-65,27.5m_2
14,11-07-2023 16:28:26:145,-66,27.5m_2
15,11-07-2023 16:28:28:146,-66,27.5m_2
16,11-07-2023 16:28:30:146,-66,27.5m_2
17,11-07-2023 16:28:32:148,-66,27.5m_2
18,11-07-2023 16:28:34:147,-66,27.5m_2
19,11-07-2023 16:28:36:147,-66,27.5m_2
20,11-07-2023 16:28:38:147,-66,27.5m_2
21,11-07-2023 16:28:40:147,-64,27.5m_2
22,11-07-2023 16:28:42:148,-62,27.5m_2
23,11-07-2023 16:28:44:147,-62,27.5m_2
24,11-07-2023 16:28:46:147,-62,27.5m_2
25,11-07-2023 16:28:48:147,-62,27.5m_2
26,11-07-2023 16:28:50:149,-62,27.5m_2
27,11-07-2023 16:28:52:147,-62,27.5m_2
28,11-07-2023 16:28:54:147,-62,27.5m_2
29,11-07-2023 16:28:56:148,-62,27.5m_2
30,11-07-2023 16:28:58:148,-62,27.5m_2
31,11-07-2023 16:29:00:149,-62,27.5m_2
32,11-07-2023 16:29:02:147,-62,27.5m_2
33,11-07-2023 16:29:04:150,-62,27.5m_2
34,11-07-2023 16:29:06:153,-62,27.5m_2
35,11-07-2023 16:29:08:152,-62,27.5m_2
36,11-07-2023 16:29:10:153,-62,27.5m_2
37,11-07-2023 16:29:12:154,-62,27.5m_2
38,11-07-2023 16:29:14:153,-62,27.5m_2
39,11-07-2023 16:29:16:154,-63,27.5m_2
40,11-07-2023 16:29:18:153,-64,27.5m_2
41,11-07-2023 16:29:20:154,-64,27.5m_2
42,11-07-2023 16:29:22:153,-64,27.5m_2
43,11-07-2023 16:29:24:154,-64,27.5m_2
44,11-07-2023 16:29:26:155,-64,27.5m_2
45,11-07-2023 16:29:28:155,-64,27.5m_2
46,11-07-2023 16:29:30:156,-65,27.5m_2
47,11-07-2023 16:29:32:156,-65,27.5m_2
48,11-07-2023 16:29:34:157,-65,27.5m_2
49,11-07-2023 16:29:36:157,-65,27.5m_2
50,11-07-2023 16:29:38:165,-65,27.5m_2
51,11-07-2023 16:29:40:158,-65,27.5m_2
52,11-07-2023 16:29:42:159,-65,27.5m_2
53,11-07-2023 16:29:44:159,-66,27.5m_2
54,11-07-2023 16:29:46:160,-66,27.5m_2
55,11-07-2023 16:29:48:161,-66,27.5m_2
56,11-07-2023 16:29:50:161,-66,27.5m_2
57,11-07-2023 16:29:52:161,-67,27.5m_2
58,11-07-2023 16:29:54:162,-67,27.5m_2
59,11-07-2023 16:29:56:163,-67,27.5m_2
60,11-07-2023 16:29:58:163,-67,27.5m_2
61,11-07-2023 16:30:00:163,-67,27.5m_2
62,11-07-2023 16:30:02:163,-67,27.5m_2
63,11-07-2023 16:30:04:164,-67,27.5m_2
0,Mac Address ,28:DE:65:6E:4E:16,27.5m_3
1,Time, RSSI,27.5m_3
2,11-07-2023 16:28:26:950,-74,27.5m_3
3,11-07-2023 16:28:28:951,-74,27.5m_3
4,11-07-2023 16:28:30:952,-74,27.5m_3
5,11-07-2023 16:28:32:951,-74,27.5m_3
6,11-07-2023 16:28:34:952,-74,27.5m_3
7,11-07-2023 16:28:36:952,-74,27.5m_3
8,11-07-2023 16:28:38:954,-74,27.5m_3
9,11-07-2023 16:28:40:954,-74,27.5m_3
10,11-07-2023 16:28:42:954,-73,27.5m_3
11,11-07-2023 16:28:44:954,-73,27.5m_3
12,11-07-2023 16:28:46:955,-73,27.5m_3
13,11-07-2023 16:28:48:955,-73,27.5m_3
14,11-07-2023 16:28:50:955,-72,27.5m_3
15,11-07-2023 16:28:52:955,-72,27.5m_3
16,11-07-2023 16:28:54:954,-71,27.5m_3
17,11-07-2023 16:28:56:955,-71,27.5m_3
18,11-07-2023 16:28:58:955,-70,27.5m_3
19,11-07-2023 16:29:00:955,-70,27.5m_3
20,11-07-2023 16:29:02:955,-70,27.5m_3
21,11-07-2023 16:29:04:954,-70,27.5m_3
22,11-07-2023 16:29:06:954,-70,27.5m_3
23,11-07-2023 16:29:08:955,-70,27.5m_3
24,11-07-2023 16:29:10:954,-70,27.5m_3
25,11-07-2023 16:29:12:955,-69,27.5m_3
26,11-07-2023 16:29:14:955,-69,27.5m_3
27,11-07-2023 16:29:16:955,-69,27.5m_3
28,11-07-2023 16:29:18:957,-69,27.5m_3
29,11-07-2023 16:29:20:957,-69,27.5m_3
30,11-07-2023 16:29:22:957,-69,27.5m_3
31,11-07-2023 16:29:24:959,-69,27.5m_3
32,11-07-2023 16:29:26:957,-69,27.5m_3
33,11-07-2023 16:29:28:959,-69,27.5m_3
34,11-07-2023 16:29:30:960,-69,27.5m_3
35,11-07-2023 16:29:32:960,-69,27.5m_3
36,11-07-2023 16:29:34:962,-69,27.5m_3
37,11-07-2023 16:29:36:961,-69,27.5m_3
38,11-07-2023 16:29:38:963,-69,27.5m_3
39,11-07-2023 16:29:40:963,-69,27.5m_3
40,11-07-2023 16:29:42:963,-69,27.5m_3
41,11-07-2023 16:29:44:964,-69,27.5m_3
42,11-07-2023 16:29:46:964,-69,27.5m_3
43,11-07-2023 16:29:48:964,-69,27.5m_3
44,11-07-2023 16:29:50:966,-69,27.5m_3
45,11-07-2023 16:29:52:966,-69,27.5m_3
46,11-07-2023 16:29:54:967,-69,27.5m_3
47,11-07-2023 16:29:56:967,-69,27.5m_3
48,11-07-2023 16:29:58:967,-69,27.5m_3
49,11-07-2023 16:30:00:967,-69,27.5m_3
50,11-07-2023 16:30:02:967,-70,27.5m_3
51,11-07-2023 16:30:04:968,-70,27.5m_3
52,11-07-2023 16:30:06:969,-70,27.5m_3
53,11-07-2023 16:30:08:970,-69,27.5m_3
54,11-07-2023 16:30:10:971,-69,27.5m_3
55,11-07-2023 16:30:12:973,-69,27.5m_3
56,11-07-2023 16:30:14:972,-69,27.5m_3
57,11-07-2023 16:30:16:971,-69,27.5m_3
58,11-07-2023 16:30:18:971,-69,27.5m_3
59,11-07-2023 16:30:20:973,-69,27.5m_3
0,Mac Address ,28:DE:65:6E:4E:16,30m
1,Time, RSSI,30m
2,11-07-2023 16:33:08:358,-74,30m
3,11-07-2023 16:33:10:346,-74,30m
4,11-07-2023 16:33:12:347,-74,30m
5,11-07-2023 16:33:14:347,-74,30m
6,11-07-2023 16:33:16:347,-74,30m
7,11-07-2023 16:33:18:348,-74,30m
8,11-07-2023 16:33:20:351,-74,30m
9,11-07-2023 16:33:22:349,-74,30m
10,11-07-2023 16:33:24:350,-74,30m
11,11-07-2023 16:33:26:350,-74,30m
12,11-07-2023 16:33:28:350,-74,30m
13,11-07-2023 16:33:30:350,-74,30m
14,11-07-2023 16:33:32:355,-74,30m
15,11-07-2023 16:33:34:351,-74,30m
16,11-07-2023 16:33:36:351,-74,30m
17,11-07-2023 16:33:38:353,-73,30m
18,11-07-2023 16:33:40:353,-73,30m
19,11-07-2023 16:33:42:354,-73,30m
20,11-07-2023 16:33:44:354,-73,30m
21,11-07-2023 16:33:46:356,-73,30m
22,11-07-2023 16:33:48:355,-73,30m
23,11-07-2023 16:33:50:354,-73,30m
24,11-07-2023 16:33:52:354,-73,30m
25,11-07-2023 16:33:54:354,-73,30m
26,11-07-2023 16:33:56:355,-73,30m
27,11-07-2023 16:33:58:355,-73,30m
28,11-07-2023 16:34:00:357,-73,30m
29,11-07-2023 16:34:02:357,-73,30m
30,11-07-2023 16:34:04:357,-73,30m
31,11-07-2023 16:34:06:358,-73,30m
32,11-07-2023 16:34:08:358,-73,30m
33,11-07-2023 16:34:10:358,-73,30m
34,11-07-2023 16:34:12:360,-73,30m
35,11-07-2023 16:34:14:360,-73,30m
36,11-07-2023 16:34:16:358,-73,30m
37,11-07-2023 16:34:18:359,-73,30m
38,11-07-2023 16:34:20:358,-73,30m
39,11-07-2023 16:34:22:361,-73,30m
40,11-07-2023 16:34:24:359,-73,30m
41,11-07-2023 16:34:26:360,-73,30m
42,11-07-2023 16:34:28:359,-74,30m
43,11-07-2023 16:34:30:360,-74,30m
44,11-07-2023 16:34:32:359,-74,30m
45,11-07-2023 16:34:34:360,-74,30m
46,11-07-2023 16:34:36:360,-74,30m
47,11-07-2023 16:34:38:361,-74,30m
48,11-07-2023 16:34:40:361,-74,30m
49,11-07-2023 16:34:42:359,-74,30m
50,11-07-2023 16:34:44:361,-74,30m
51,11-07-2023 16:34:46:360,-74,30m
52,11-07-2023 16:34:48:360,-74,30m
53,11-07-2023 16:34:50:361,-74,30m
54,11-07-2023 16:34:52:360,-74,30m
55,11-07-2023 16:34:54:360,-74,30m
56,11-07-2023 16:34:56:360,-74,30m
57,11-07-2023 16:34:58:361,-75,30m
58,11-07-2023 16:35:00:361,-75,30m
59,11-07-2023 16:35:02:360,-75,30m
60,11-07-2023 16:35:04:361,-75,30m
61,11-07-2023 16:35:06:361,-75,30m
62,11-07-2023 16:35:08:372,-75,30m
63,11-07-2023 16:35:10:362,-76,30m
64,11-07-2023 16:35:12:363,-76,30m
65,11-07-2023 16:35:14:363,-76,30m
66,11-07-2023 16:35:16:362,-76,30m
0,Mac Address ,28:DE:65:6E:4E:16,30_1m
1,Time, RSSI,30_1m
2,11-07-2023 16:33:33:001,-76,30_1m
3,11-07-2023 16:33:35:003,-76,30_1m
4,11-07-2023 16:33:37:004,-76,30_1m
5,11-07-2023 16:33:39:002,-76,30_1m
6,11-07-2023 16:33:41:001,-76,30_1m
7,11-07-2023 16:33:43:003,-76,30_1m
8,11-07-2023 16:33:45:004,-76,30_1m
9,11-07-2023 16:33:47:003,-76,30_1m
10,11-07-2023 16:33:49:004,-76,30_1m
11,11-07-2023 16:33:51:004,-76,30_1m
12,11-07-2023 16:33:53:005,-76,30_1m
13,11-07-2023 16:33:55:004,-76,30_1m
14,11-07-2023 16:33:57:005,-76,30_1m
15,11-07-2023 16:33:59:005,-76,30_1m
16,11-07-2023 16:34:01:005,-76,30_1m
17,11-07-2023 16:34:03:008,-76,30_1m
18,11-07-2023 16:34:05:006,-76,30_1m
19,11-07-2023 16:34:07:006,-76,30_1m
20,11-07-2023 16:34:09:006,-76,30_1m
21,11-07-2023 16:34:11:007,-76,30_1m
22,11-07-2023 16:34:13:007,-76,30_1m
23,11-07-2023 16:34:15:007,-76,30_1m
24,11-07-2023 16:34:17:008,-76,30_1m
25,11-07-2023 16:34:19:007,-76,30_1m
26,11-07-2023 16:34:21:007,-77,30_1m
27,11-07-2023 16:34:23:007,-77,30_1m
28,11-07-2023 16:34:25:007,-77,30_1m
29,11-07-2023 16:34:27:007,-77,30_1m
30,11-07-2023 16:34:29:008,-77,30_1m
31,11-07-2023 16:34:31:008,-77,30_1m
32,11-07-2023 16:34:33:008,-77,30_1m
33,11-07-2023 16:34:35:009,-77,30_1m
34,11-07-2023 16:34:37:009,-77,30_1m
35,11-07-2023 16:34:39:009,-77,30_1m
36,11-07-2023 16:34:41:010,-77,30_1m
37,11-07-2023 16:34:43:011,-77,30_1m
38,11-07-2023 16:34:45:011,-77,30_1m
39,11-07-2023 16:34:47:010,-77,30_1m
40,11-07-2023 16:34:49:011,-77,30_1m
41,11-07-2023 16:34:51:011,-77,30_1m
42,11-07-2023 16:34:53:012,-77,30_1m
43,11-07-2023 16:34:55:012,-78,30_1m
44,11-07-2023 16:34:57:012,-78,30_1m
45,11-07-2023 16:34:59:013,-80,30_1m
46,11-07-2023 16:35:01:013,-80,30_1m
47,11-07-2023 16:35:03:014,-80,30_1m
48,11-07-2023 16:35:05:015,-80,30_1m
49,11-07-2023 16:35:07:015,-80,30_1m
50,11-07-2023 16:35:09:015,-80,30_1m
51,11-07-2023 16:35:11:015,-80,30_1m
52,11-07-2023 16:35:13:016,-80,30_1m
53,11-07-2023 16:35:15:016,-80,30_1m
54,11-07-2023 16:35:17:016,-80,30_1m
55,11-07-2023 16:35:19:016,-80,30_1m
56,11-07-2023 16:35:21:016,-80,30_1m
57,11-07-2023 16:35:23:016,-80,30_1m
58,11-07-2023 16:35:25:017,-80,30_1m
59,11-07-2023 16:35:27:016,-80,30_1m
60,11-07-2023 16:35:29:016,-80,30_1m
61,11-07-2023 16:35:31:016,-80,30_1m
62,11-07-2023 16:35:33:016,-80,30_1m
63,11-07-2023 16:35:35:017,-80,30_1m
64,11-07-2023 16:35:37:017,-80,30_1m
65,11-07-2023 16:35:39:016,-80,30_1m
66,11-07-2023 16:35:41:017,-80,30_1m
0,Mac Address ,28:DE:65:6E:4E:16,32.5m_1
1,Time, RSSI,32.5m_1
2,11-07-2023 16:37:06:380,-79,32.5m_1
3,11-07-2023 16:37:08:382,-77,32.5m_1
4,11-07-2023 16:37:10:382,-77,32.5m_1
5,11-07-2023 16:37:12:382,-77,32.5m_1
6,11-07-2023 16:37:14:381,-77,32.5m_1
7,11-07-2023 16:37:16:381,-77,32.5m_1
8,11-07-2023 16:37:18:382,-75,32.5m_1
9,11-07-2023 16:37:20:383,-75,32.5m_1
10,11-07-2023 16:37:22:383,-75,32.5m_1
11,11-07-2023 16:37:24:385,-75,32.5m_1
12,11-07-2023 16:37:26:384,-74,32.5m_1
13,11-07-2023 16:37:28:383,-72,32.5m_1
14,11-07-2023 16:37:30:383,-72,32.5m_1
15,11-07-2023 16:37:32:384,-72,32.5m_1
16,11-07-2023 16:37:34:383,-72,32.5m_1
17,11-07-2023 16:37:36:384,-72,32.5m_1
18,11-07-2023 16:37:38:388,-71,32.5m_1
19,11-07-2023 16:37:40:386,-70,32.5m_1
20,11-07-2023 16:37:42:386,-70,32.5m_1
21,11-07-2023 16:37:44:385,-70,32.5m_1
22,11-07-2023 16:37:46:386,-70,32.5m_1
23,11-07-2023 16:37:48:386,-70,32.5m_1
24,11-07-2023 16:37:50:386,-70,32.5m_1
25,11-07-2023 16:37:52:386,-70,32.5m_1
26,11-07-2023 16:37:54:386,-70,32.5m_1
27,11-07-2023 16:37:56:386,-70,32.5m_1
28,11-07-2023 16:37:58:386,-70,32.5m_1
29,11-07-2023 16:38:00:387,-70,32.5m_1
30,11-07-2023 16:38:02:387,-71,32.5m_1
31,11-07-2023 16:38:04:387,-71,32.5m_1
32,11-07-2023 16:38:06:388,-71,32.5m_1
33,11-07-2023 16:38:08:388,-71,32.5m_1
34,11-07-2023 16:38:10:389,-71,32.5m_1
35,11-07-2023 16:38:12:389,-71,32.5m_1
36,11-07-2023 16:38:14:389,-71,32.5m_1
37,11-07-2023 16:38:16:390,-71,32.5m_1
38,11-07-2023 16:38:18:390,-71,32.5m_1
39,11-07-2023 16:38:20:391,-71,32.5m_1
40,11-07-2023 16:38:22:391,-71,32.5m_1
41,11-07-2023 16:38:24:392,-71,32.5m_1
42,11-07-2023 16:38:26:394,-71,32.5m_1
43,11-07-2023 16:38:28:392,-71,32.5m_1
44,11-07-2023 16:38:30:393,-71,32.5m_1
45,11-07-2023 16:38:32:394,-71,32.5m_1
46,11-07-2023 16:38:34:395,-71,32.5m_1
47,11-07-2023 16:38:36:395,-71,32.5m_1
48,11-07-2023 16:38:38:396,-71,32.5m_1
49,11-07-2023 16:38:40:395,-71,32.5m_1
50,11-07-2023 16:38:42:396,-71,32.5m_1
51,11-07-2023 16:38:44:396,-71,32.5m_1
52,11-07-2023 16:38:46:397,-71,32.5m_1
53,11-07-2023 16:38:48:398,-71,32.5m_1
54,11-07-2023 16:38:50:399,-71,32.5m_1
55,11-07-2023 16:38:52:398,-71,32.5m_1
56,11-07-2023 16:38:54:398,-71,32.5m_1
57,11-07-2023 16:38:56:399,-71,32.5m_1
58,11-07-2023 16:38:58:399,-71,32.5m_1
59,11-07-2023 16:39:00:398,-71,32.5m_1
60,11-07-2023 16:39:02:399,-71,32.5m_1
61,11-07-2023 16:39:04:398,-71,32.5m_1
0,Mac Address ,28:DE:65:6E:4E:16,32.5m_2
1,Time, RSSI,32.5m_2
2,11-07-2023 16:37:33:033,-77,32.5m_2
3,11-07-2023 16:37:35:034,-77,32.5m_2
4,11-07-2023 16:37:37:034,-77,32.5m_2
5,11-07-2023 16:37:39:034,-77,32.5m_2
6,11-07-2023 16:37:41:035,-77,32.5m_2
7,11-07-2023 16:37:43:035,-77,32.5m_2
8,11-07-2023 16:37:45:035,-76,32.5m_2
9,11-07-2023 16:37:47:036,-76,32.5m_2
10,11-07-2023 16:37:49:035,-76,32.5m_2
11,11-07-2023 16:37:51:036,-76,32.5m_2
12,11-07-2023 16:37:53:036,-76,32.5m_2
13,11-07-2023 16:37:55:037,-75,32.5m_2
14,11-07-2023 16:37:57:037,-75,32.5m_2
15,11-07-2023 16:37:59:038,-75,32.5m_2
16,11-07-2023 16:38:01:038,-75,32.5m_2
17,11-07-2023 16:38:03:037,-74,32.5m_2
18,11-07-2023 16:38:05:038,-73,32.5m_2
19,11-07-2023 16:38:07:039,-73,32.5m_2
20,11-07-2023 16:38:09:039,-73,32.5m_2
21,11-07-2023 16:38:11:040,-73,32.5m_2
22,11-07-2023 16:38:13:040,-73,32.5m_2
23,11-07-2023 16:38:15:040,-73,32.5m_2
24,11-07-2023 16:38:17:040,-73,32.5m_2
25,11-07-2023 16:38:19:040,-73,32.5m_2
26,11-07-2023 16:38:21:042,-74,32.5m_2
27,11-07-2023 16:38:23:041,-74,32.5m_2
28,11-07-2023 16:38:25:042,-75,32.5m_2
29,11-07-2023 16:38:27:042,-75,32.5m_2
30,11-07-2023 16:38:29:042,-75,32.5m_2
31,11-07-2023 16:38:31:042,-74,32.5m_2
32,11-07-2023 16:38:33:042,-74,32.5m_2
33,11-07-2023 16:38:35:043,-74,32.5m_2
34,11-07-2023 16:38:37:043,-73,32.5m_2
35,11-07-2023 16:38:39:043,-72,32.5m_2
36,11-07-2023 16:38:41:043,-73,32.5m_2
37,11-07-2023 16:38:43:043,-74,32.5m_2
38,11-07-2023 16:38:45:045,-74,32.5m_2
39,11-07-2023 16:38:47:043,-74,32.5m_2
40,11-07-2023 16:38:49:044,-74,32.5m_2
41,11-07-2023 16:38:51:043,-74,32.5m_2
42,11-07-2023 16:38:53:044,-74,32.5m_2
43,11-07-2023 16:38:55:046,-75,32.5m_2
44,11-07-2023 16:38:57:045,-75,32.5m_2
45,11-07-2023 16:38:59:045,-75,32.5m_2
46,11-07-2023 16:39:01:045,-75,32.5m_2
47,11-07-2023 16:39:03:046,-75,32.5m_2
48,11-07-2023 16:39:05:046,-75,32.5m_2
49,11-07-2023 16:39:07:046,-75,32.5m_2
50,11-07-2023 16:39:09:047,-75,32.5m_2
51,11-07-2023 16:39:11:048,-75,32.5m_2
52,11-07-2023 16:39:13:048,-75,32.5m_2
53,11-07-2023 16:39:15:049,-75,32.5m_2
54,11-07-2023 16:39:17:050,-75,32.5m_2
55,11-07-2023 16:39:19:050,-75,32.5m_2
56,11-07-2023 16:39:21:050,-75,32.5m_2
57,11-07-2023 16:39:23:051,-76,32.5m_2
58,11-07-2023 16:39:25:051,-76,32.5m_2
59,11-07-2023 16:39:27:052,-76,32.5m_2
60,11-07-2023 16:39:29:052,-76,32.5m_2
0,Mac Address ,28:DE:65:6E:4E:16,35m
1,Time, RSSI,35m
2,11-07-2023 16:41:00:122,-73,35m
3,11-07-2023 16:41:02:124,-73,35m
4,11-07-2023 16:41:04:123,-74,35m
5,11-07-2023 16:41:06:125,-74,35m
6,11-07-2023 16:41:08:124,-74,35m
7,11-07-2023 16:41:10:124,-74,35m
8,11-07-2023 16:41:12:124,-74,35m
9,11-07-2023 16:41:14:124,-74,35m
10,11-07-2023 16:41:16:124,-74,35m
11,11-07-2023 16:41:18:124,-74,35m
12,11-07-2023 16:41:20:125,-74,35m
13,11-07-2023 16:41:22:123,-72,35m
14,11-07-2023 16:41:24:124,-69,35m
15,11-07-2023 16:41:26:123,-68,35m
16,11-07-2023 16:41:28:124,-68,35m
17,11-07-2023 16:41:30:123,-67,35m
18,11-07-2023 16:41:32:125,-67,35m
19,11-07-2023 16:41:34:125,-67,35m
20,11-07-2023 16:41:36:124,-67,35m
21,11-07-2023 16:41:38:126,-67,35m
22,11-07-2023 16:41:40:126,-67,35m
23,11-07-2023 16:41:42:126,-67,35m
24,11-07-2023 16:41:44:127,-67,35m
25,11-07-2023 16:41:46:127,-67,35m
26,11-07-2023 16:41:48:128,-67,35m
27,11-07-2023 16:41:50:128,-67,35m
28,11-07-2023 16:41:52:128,-67,35m
29,11-07-2023 16:41:54:128,-67,35m
30,11-07-2023 16:41:56:130,-67,35m
31,11-07-2023 16:41:58:129,-67,35m
32,11-07-2023 16:42:00:129,-67,35m
33,11-07-2023 16:42:02:130,-67,35m
34,11-07-2023 16:42:04:130,-67,35m
35,11-07-2023 16:42:06:131,-67,35m
36,11-07-2023 16:42:08:131,-67,35m
37,11-07-2023 16:42:10:134,-67,35m
38,11-07-2023 16:42:12:133,-67,35m
39,11-07-2023 16:42:14:133,-67,35m
40,11-07-2023 16:42:16:134,-67,35m
41,11-07-2023 16:42:18:135,-67,35m
42,11-07-2023 16:42:20:134,-67,35m
43,11-07-2023 16:42:22:135,-68,35m
44,11-07-2023 16:42:24:136,-68,35m
45,11-07-2023 16:42:26:137,-69,35m
46,11-07-2023 16:42:28:138,-69,35m
47,11-07-2023 16:42:30:138,-69,35m
48,11-07-2023 16:42:32:139,-69,35m
49,11-07-2023 16:42:34:139,-69,35m
50,11-07-2023 16:42:36:140,-69,35m
51,11-07-2023 16:42:38:141,-69,35m
52,11-07-2023 16:42:40:140,-69,35m
53,11-07-2023 16:42:42:141,-69,35m
54,11-07-2023 16:42:44:141,-69,35m
55,11-07-2023 16:42:46:141,-69,35m
56,11-07-2023 16:42:48:143,-67,35m
57,11-07-2023 16:42:50:142,-65,35m
58,11-07-2023 16:42:52:145,-65,35m
59,11-07-2023 16:42:54:144,-65,35m
60,11-07-2023 16:42:56:144,-65,35m
61,11-07-2023 16:42:58:145,-65,35m
62,11-07-2023 16:43:00:145,-65,35m
63,11-07-2023 16:43:02:145,-65,35m
64,11-07-2023 16:43:04:146,-65,35m
0,Mac Address ,28:DE:65:6E:4E:16,35m_1
1,Time, RSSI,35m_1
2,11-07-2023 16:41:27:070,-77,35m_1
3,11-07-2023 16:41:29:071,-77,35m_1
4,11-07-2023 16:41:31:070,-77,35m_1
5,11-07-2023 16:41:33:071,-77,35m_1
6,11-07-2023 16:41:35:070,-77,35m_1
7,11-07-2023 16:41:37:071,-77,35m_1
8,11-07-2023 16:41:39:071,-77,35m_1
9,11-07-2023 16:41:41:071,-77,35m_1
10,11-07-2023 16:41:43:072,-77,35m_1
11,11-07-2023 16:41:45:071,-77,35m_1
12,11-07-2023 16:41:47:072,-77,35m_1
13,11-07-2023 16:41:49:073,-77,35m_1
14,11-07-2023 16:41:51:072,-77,35m_1
15,11-07-2023 16:41:53:072,-77,35m_1
16,11-07-2023 16:41:55:073,-77,35m_1
17,11-07-2023 16:41:57:074,-77,35m_1
18,11-07-2023 16:41:59:074,-77,35m_1
19,11-07-2023 16:42:01:075,-77,35m_1
20,11-07-2023 16:42:03:076,-77,35m_1
21,11-07-2023 16:42:05:078,-77,35m_1
22,11-07-2023 16:42:07:077,-77,35m_1
23,11-07-2023 16:42:09:075,-77,35m_1
24,11-07-2023 16:42:11:076,-77,35m_1
25,11-07-2023 16:42:13:077,-77,35m_1
26,11-07-2023 16:42:15:075,-77,35m_1
27,11-07-2023 16:42:17:076,-77,35m_1
28,11-07-2023 16:42:19:075,-77,35m_1
29,11-07-2023 16:42:21:076,-77,35m_1
30,11-07-2023 16:42:23:076,-77,35m_1
31,11-07-2023 16:42:25:076,-77,35m_1
32,11-07-2023 16:42:27:075,-77,35m_1
33,11-07-2023 16:42:29:075,-77,35m_1
34,11-07-2023 16:42:31:077,-77,35m_1
35,11-07-2023 16:42:33:075,-77,35m_1
36,11-07-2023 16:42:35:077,-77,35m_1
37,11-07-2023 16:42:37:076,-77,35m_1
38,11-07-2023 16:42:39:076,-78,35m_1
39,11-07-2023 16:42:41:077,-78,35m_1
40,11-07-2023 16:42:43:076,-78,35m_1
41,11-07-2023 16:42:45:076,-79,35m_1
42,11-07-2023 16:42:47:077,-79,35m_1
43,11-07-2023 16:42:49:078,-79,35m_1
44,11-07-2023 16:42:51:078,-79,35m_1
45,11-07-2023 16:42:53:077,-79,35m_1
46,11-07-2023 16:42:55:078,-79,35m_1
47,11-07-2023 16:42:57:077,-79,35m_1
48,11-07-2023 16:42:59:077,-79,35m_1
49,11-07-2023 16:43:01:078,-79,35m_1
50,11-07-2023 16:43:03:077,-79,35m_1
51,11-07-2023 16:43:05:079,-79,35m_1
52,11-07-2023 16:43:07:078,-79,35m_1
53,11-07-2023 16:43:09:078,-79,35m_1
54,11-07-2023 16:43:11:078,-79,35m_1
55,11-07-2023 16:43:13:077,-79,35m_1
56,11-07-2023 16:43:15:078,-79,35m_1
57,11-07-2023 16:43:17:081,-79,35m_1
58,11-07-2023 16:43:19:079,-79,35m_1
59,11-07-2023 16:43:21:078,-79,35m_1
60,11-07-2023 16:43:23:081,-79,35m_1
61,11-07-2023 16:43:25:080,-79,35m_1
62,11-07-2023 16:43:27:080,-79,35m_1
63,11-07-2023 16:43:29:080,-79,35m_1
64,11-07-2023 16:43:31:080,-79,35m_1
0,Mac Address ,28:DE:65:6E:4E:16,37.5m
1,Time, RSSI,37.5m
2,11-07-2023 16:44:54:161,-63,37.5m
3,11-07-2023 16:44:56:162,-63,37.5m
4,11-07-2023 16:44:58:162,-64,37.5m
5,11-07-2023 16:45:00:163,-64,37.5m
6,11-07-2023 16:45:02:163,-64,37.5m
7,11-07-2023 16:45:04:162,-64,37.5m
8,11-07-2023 16:45:06:163,-64,37.5m
9,11-07-2023 16:45:08:163,-64,37.5m
10,11-07-2023 16:45:10:163,-64,37.5m
11,11-07-2023 16:45:12:162,-64,37.5m
12,11-07-2023 16:45:14:164,-64,37.5m
13,11-07-2023 16:45:16:163,-64,37.5m
14,11-07-2023 16:45:18:163,-65,37.5m
15,11-07-2023 16:45:20:164,-65,37.5m
16,11-07-2023 16:45:22:165,-65,37.5m
17,11-07-2023 16:45:24:166,-67,37.5m
18,11-07-2023 16:45:26:164,-68,37.5m
19,11-07-2023 16:45:28:165,-68,37.5m
20,11-07-2023 16:45:30:165,-67,37.5m
21,11-07-2023 16:45:32:165,-67,37.5m
22,11-07-2023 16:45:34:165,-67,37.5m
23,11-07-2023 16:45:36:166,-67,37.5m
24,11-07-2023 16:45:38:165,-67,37.5m
25,11-07-2023 16:45:40:166,-67,37.5m
26,11-07-2023 16:45:42:167,-67,37.5m
27,11-07-2023 16:45:44:166,-67,37.5m
28,11-07-2023 16:45:46:167,-67,37.5m
29,11-07-2023 16:45:48:168,-67,37.5m
30,11-07-2023 16:45:50:167,-67,37.5m
31,11-07-2023 16:45:52:168,-67,37.5m
32,11-07-2023 16:45:54:169,-66,37.5m
33,11-07-2023 16:45:56:169,-66,37.5m
34,11-07-2023 16:45:58:170,-65,37.5m
35,11-07-2023 16:46:00:170,-65,37.5m
36,11-07-2023 16:46:02:171,-64,37.5m
37,11-07-2023 16:46:04:170,-64,37.5m
38,11-07-2023 16:46:06:171,-64,37.5m
39,11-07-2023 16:46:08:171,-64,37.5m
40,11-07-2023 16:46:10:172,-64,37.5m
41,11-07-2023 16:46:12:171,-64,37.5m
42,11-07-2023 16:46:14:171,-64,37.5m
43,11-07-2023 16:46:16:171,-66,37.5m
44,11-07-2023 16:46:18:171,-68,37.5m
45,11-07-2023 16:46:20:172,-68,37.5m
46,11-07-2023 16:46:22:170,-68,37.5m
47,11-07-2023 16:46:24:171,-68,37.5m
48,11-07-2023 16:46:26:170,-68,37.5m
49,11-07-2023 16:46:28:173,-67,37.5m
50,11-07-2023 16:46:30:171,-67,37.5m
51,11-07-2023 16:46:32:172,-66,37.5m
52,11-07-2023 16:46:34:172,-66,37.5m
53,11-07-2023 16:46:36:171,-66,37.5m
54,11-07-2023 16:46:38:172,-66,37.5m
55,11-07-2023 16:46:40:171,-66,37.5m
56,11-07-2023 16:46:42:172,-66,37.5m
57,11-07-2023 16:46:44:171,-66,37.5m
58,11-07-2023 16:46:46:172,-66,37.5m
59,11-07-2023 16:46:48:173,-66,37.5m
60,11-07-2023 16:46:50:174,-66,37.5m
61,11-07-2023 16:46:52:174,-66,37.5m
62,11-07-2023 16:46:54:174,-66,37.5m
63,11-07-2023 16:46:56:175,-66,37.5m
64,11-07-2023 16:46:58:175,-66,37.5m
65,11-07-2023 16:47:00:175,-66,37.5m
66,11-07-2023 16:47:02:175,-66,37.5m
67,11-07-2023 16:47:04:176,-66,37.5m
68,11-07-2023 16:47:06:175,-66,37.5m
0,Mac Address ,28:DE:65:6E:4E:16,37e
1,Time, RSSI,37e
2,11-07-2023 16:59:48:251,-73,37e
3,11-07-2023 16:59:50:253,-73,37e
4,11-07-2023 16:59:52:252,-73,37e
5,11-07-2023 16:59:54:254,-73,37e
6,11-07-2023 16:59:56:256,-73,37e
7,11-07-2023 16:59:58:253,-73,37e
8,11-07-2023 17:00:00:255,-73,37e
9,11-07-2023 17:00:02:253,-73,37e
10,11-07-2023 17:00:04:256,-73,37e
11,11-07-2023 17:00:06:255,-73,37e
12,11-07-2023 17:00:08:255,-73,37e
13,11-07-2023 17:00:10:255,-73,37e
14,11-07-2023 17:00:12:257,-73,37e
15,11-07-2023 17:00:14:258,-74,37e
16,11-07-2023 17:00:16:257,-74,37e
17,11-07-2023 17:00:18:258,-74,37e
18,11-07-2023 17:00:20:258,-76,37e
19,11-07-2023 17:00:22:258,-76,37e
20,11-07-2023 17:00:24:258,-76,37e
21,11-07-2023 17:00:26:258,-76,37e
22,11-07-2023 17:00:28:260,-76,37e
23,11-07-2023 17:00:30:259,-76,37e
24,11-07-2023 17:00:32:258,-76,37e
25,11-07-2023 17:00:34:259,-76,37e
26,11-07-2023 17:00:36:258,-76,37e
27,11-07-2023 17:00:38:258,-76,37e
28,11-07-2023 17:00:40:258,-76,37e
29,11-07-2023 17:00:42:259,-76,37e
30,11-07-2023 17:00:44:258,-76,37e
31,11-07-2023 17:00:46:259,-76,37e
32,11-07-2023 17:00:48:259,-76,37e
33,11-07-2023 17:00:50:260,-76,37e
34,11-07-2023 17:00:52:262,-76,37e
35,11-07-2023 17:00:54:260,-76,37e
36,11-07-2023 17:00:56:260,-76,37e
37,11-07-2023 17:00:58:261,-76,37e
38,11-07-2023 17:01:00:262,-76,37e
39,11-07-2023 17:01:02:261,-76,37e
40,11-07-2023 17:01:04:261,-76,37e
41,11-07-2023 17:01:06:261,-76,37e
42,11-07-2023 17:01:08:261,-77,37e
43,11-07-2023 17:01:10:261,-78,37e
44,11-07-2023 17:01:12:262,-78,37e
45,11-07-2023 17:01:14:262,-78,37e
46,11-07-2023 17:01:16:263,-78,37e
47,11-07-2023 17:01:18:263,-78,37e
48,11-07-2023 17:01:20:265,-78,37e
49,11-07-2023 17:01:22:264,-78,37e
50,11-07-2023 17:01:24:266,-78,37e
51,11-07-2023 17:01:26:266,-78,37e
52,11-07-2023 17:01:28:266,-78,37e
53,11-07-2023 17:01:30:266,-78,37e
54,11-07-2023 17:01:32:266,-78,37e
55,11-07-2023 17:01:34:266,-78,37e
56,11-07-2023 17:01:36:266,-78,37e
57,11-07-2023 17:01:38:269,-79,37e
58,11-07-2023 17:01:40:267,-79,37e
59,11-07-2023 17:01:42:268,-79,37e
60,11-07-2023 17:01:44:269,-79,37e
61,11-07-2023 17:01:46:268,-79,37e
62,11-07-2023 17:01:48:269,-79,37e
0,Mac Address ,28:DE:65:6E:4E:16,40m
1,Time, RSSI,40m
2,11-07-2023 16:51:24:637,-62,40m
3,11-07-2023 16:51:26:637,-62,40m
4,11-07-2023 16:51:28:638,-62,40m
5,11-07-2023 16:51:30:640,-64,40m
6,11-07-2023 16:51:32:639,-64,40m
7,11-07-2023 16:51:34:639,-64,40m
8,11-07-2023 16:51:36:640,-64,40m
9,11-07-2023 16:51:38:641,-61,40m
10,11-07-2023 16:51:40:642,-60,40m
11,11-07-2023 16:51:42:641,-60,40m
12,11-07-2023 16:51:44:641,-60,40m
13,11-07-2023 16:51:46:641,-60,40m
14,11-07-2023 16:51:48:642,-60,40m
15,11-07-2023 16:51:50:643,-60,40m
16,11-07-2023 16:51:52:643,-60,40m
17,11-07-2023 16:51:54:644,-60,40m
18,11-07-2023 16:51:56:643,-63,40m
19,11-07-2023 16:51:58:645,-64,40m
20,11-07-2023 16:52:00:644,-64,40m
21,11-07-2023 16:52:02:644,-64,40m
22,11-07-2023 16:52:04:645,-65,40m
23,11-07-2023 16:52:06:644,-65,40m
24,11-07-2023 16:52:08:644,-64,40m
25,11-07-2023 16:52:10:644,-63,40m
26,11-07-2023 16:52:12:644,-63,40m
27,11-07-2023 16:52:14:644,-62,40m
28,11-07-2023 16:52:16:644,-62,40m
29,11-07-2023 16:52:18:645,-62,40m
30,11-07-2023 16:52:20:646,-62,40m
31,11-07-2023 16:52:22:647,-62,40m
32,11-07-2023 16:52:24:647,-62,40m
33,11-07-2023 16:52:26:647,-62,40m
34,11-07-2023 16:52:28:647,-62,40m
35,11-07-2023 16:52:30:648,-61,40m
36,11-07-2023 16:52:32:648,-61,40m
37,11-07-2023 16:52:34:647,-62,40m
38,11-07-2023 16:52:36:649,-62,40m
39,11-07-2023 16:52:38:648,-62,40m
40,11-07-2023 16:52:40:650,-62,40m
41,11-07-2023 16:52:42:650,-62,40m
42,11-07-2023 16:52:44:650,-61,40m
43,11-07-2023 16:52:46:652,-59,40m
44,11-07-2023 16:52:48:650,-59,40m
45,11-07-2023 16:52:50:650,-56,40m
46,11-07-2023 16:52:52:650,-55,40m
47,11-07-2023 16:52:54:651,-53,40m
48,11-07-2023 16:52:56:649,-52,40m
49,11-07-2023 16:52:58:651,-51,40m
50,11-07-2023 16:53:00:650,-51,40m
51,11-07-2023 16:53:02:650,-51,40m
52,11-07-2023 16:53:04:651,-54,40m
53,11-07-2023 16:53:06:650,-57,40m
54,11-07-2023 16:53:08:652,-58,40m
55,11-07-2023 16:53:10:652,-58,40m
56,11-07-2023 16:53:12:653,-58,40m
57,11-07-2023 16:53:14:655,-61,40m
58,11-07-2023 16:53:16:655,-62,40m
59,11-07-2023 16:53:18:655,-63,40m
60,11-07-2023 16:53:20:656,-63,40m
61,11-07-2023 16:53:22:657,-63,40m
62,11-07-2023 16:53:24:658,-63,40m
63,11-07-2023 16:53:26:657,-64,40m
64,11-07-2023 16:53:28:659,-64,40m
0,Mac Address ,28:DE:65:6E:4E:16,40m_1
1,Time, RSSI,40m_1
2,11-07-2023 16:51:53:140,-71,40m_1
3,11-07-2023 16:51:55:140,-71,40m_1
4,11-07-2023 16:51:57:139,-71,40m_1
5,11-07-2023 16:51:59:139,-70,40m_1
6,11-07-2023 16:52:01:139,-70,40m_1
7,11-07-2023 16:52:03:140,-70,40m_1
8,11-07-2023 16:52:05:138,-70,40m_1
9,11-07-2023 16:52:07:139,-70,40m_1
10,11-07-2023 16:52:09:139,-70,40m_1
11,11-07-2023 16:52:11:139,-70,40m_1
12,11-07-2023 16:52:13:139,-70,40m_1
13,11-07-2023 16:52:15:141,-70,40m_1
14,11-07-2023 16:52:17:141,-70,40m_1
15,11-07-2023 16:52:19:141,-70,40m_1
16,11-07-2023 16:52:21:141,-72,40m_1
17,11-07-2023 16:52:23:142,-72,40m_1
18,11-07-2023 16:52:25:141,-72,40m_1
19,11-07-2023 16:52:27:141,-72,40m_1
20,11-07-2023 16:52:29:141,-72,40m_1
21,11-07-2023 16:52:31:141,-72,40m_1
22,11-07-2023 16:52:33:141,-72,40m_1
23,11-07-2023 16:52:35:142,-71,40m_1
24,11-07-2023 16:52:37:141,-71,40m_1
25,11-07-2023 16:52:39:142,-71,40m_1
26,11-07-2023 16:52:41:142,-71,40m_1
27,11-07-2023 16:52:43:142,-71,40m_1
28,11-07-2023 16:52:45:143,-71,40m_1
29,11-07-2023 16:52:47:143,-71,40m_1
30,11-07-2023 16:52:49:143,-71,40m_1
31,11-07-2023 16:52:51:143,-71,40m_1
32,11-07-2023 16:52:53:144,-71,40m_1
33,11-07-2023 16:52:55:143,-71,40m_1
34,11-07-2023 16:52:57:145,-71,40m_1
35,11-07-2023 16:52:59:145,-71,40m_1
36,11-07-2023 16:53:01:144,-72,40m_1
37,11-07-2023 16:53:03:145,-72,40m_1
38,11-07-2023 16:53:05:146,-72,40m_1
39,11-07-2023 16:53:07:145,-72,40m_1
40,11-07-2023 16:53:09:146,-72,40m_1
41,11-07-2023 16:53:11:146,-72,40m_1
42,11-07-2023 16:53:13:147,-72,40m_1
43,11-07-2023 16:53:15:147,-72,40m_1
44,11-07-2023 16:53:17:149,-72,40m_1
45,11-07-2023 16:53:19:147,-72,40m_1
46,11-07-2023 16:53:21:147,-72,40m_1
47,11-07-2023 16:53:23:148,-71,40m_1
48,11-07-2023 16:53:25:148,-71,40m_1
49,11-07-2023 16:53:27:148,-71,40m_1
50,11-07-2023 16:53:29:151,-71,40m_1
51,11-07-2023 16:53:31:149,-71,40m_1
52,11-07-2023 16:53:33:149,-73,40m_1
53,11-07-2023 16:53:35:150,-73,40m_1
54,11-07-2023 16:53:37:149,-73,40m_1
55,11-07-2023 16:53:39:151,-73,40m_1
56,11-07-2023 16:53:41:151,-74,40m_1
57,11-07-2023 16:53:43:151,-75,40m_1
58,11-07-2023 16:53:45:151,-75,40m_1
59,11-07-2023 16:53:47:153,-75,40m_1
0,Mac Address ,28:DE:65:6E:4E:16,5e
1,Time, RSSI,5e
2,11-07-2023 17:03:10:026,-78,5e
3,11-07-2023 17:03:12:027,-76,5e
4,11-07-2023 17:03:14:027,-76,5e
5,11-07-2023 17:03:16:027,-75,5e
6,11-07-2023 17:03:18:028,-75,5e
7,11-07-2023 17:03:20:027,-75,5e
8,11-07-2023 17:03:22:029,-74,5e
9,11-07-2023 17:03:24:029,-74,5e
10,11-07-2023 17:03:26:030,-74,5e
11,11-07-2023 17:03:28:030,-74,5e
12,11-07-2023 17:03:30:032,-74,5e
13,11-07-2023 17:03:32:031,-74,5e
14,11-07-2023 17:03:34:032,-74,5e
15,11-07-2023 17:03:36:033,-74,5e
16,11-07-2023 17:03:38:034,-74,5e
17,11-07-2023 17:03:40:034,-74,5e
18,11-07-2023 17:03:42:033,-74,5e
19,11-07-2023 17:03:44:034,-74,5e
20,11-07-2023 17:03:46:034,-74,5e
21,11-07-2023 17:03:48:033,-74,5e
22,11-07-2023 17:03:50:033,-74,5e
23,11-07-2023 17:03:52:034,-74,5e
24,11-07-2023 17:03:54:034,-74,5e
25,11-07-2023 17:03:56:035,-74,5e
26,11-07-2023 17:03:58:035,-74,5e
27,11-07-2023 17:04:00:034,-74,5e
28,11-07-2023 17:04:02:035,-74,5e
29,11-07-2023 17:04:04:035,-74,5e
30,11-07-2023 17:04:06:035,-74,5e
31,11-07-2023 17:04:08:037,-74,5e
32,11-07-2023 17:04:10:036,-74,5e
33,11-07-2023 17:04:12:035,-74,5e
34,11-07-2023 17:04:14:036,-74,5e
35,11-07-2023 17:04:16:036,-74,5e
36,11-07-2023 17:04:18:035,-74,5e
37,11-07-2023 17:04:20:036,-74,5e
38,11-07-2023 17:04:22:034,-74,5e
39,11-07-2023 17:04:24:036,-74,5e
40,11-07-2023 17:04:26:037,-74,5e
41,11-07-2023 17:04:28:037,-74,5e
42,11-07-2023 17:04:30:037,-74,5e
43,11-07-2023 17:04:32:038,-74,5e
44,11-07-2023 17:04:34:037,-74,5e
45,11-07-2023 17:04:36:038,-74,5e
46,11-07-2023 17:04:38:039,-74,5e
47,11-07-2023 17:04:40:038,-74,5e
48,11-07-2023 17:04:42:038,-74,5e
49,11-07-2023 17:04:44:039,-73,5e
50,11-07-2023 17:04:46:039,-72,5e
51,11-07-2023 17:04:48:041,-72,5e
52,11-07-2023 17:04:50:042,-72,5e
53,11-07-2023 17:04:52:040,-72,5e
54,11-07-2023 17:04:54:039,-72,5e
55,11-07-2023 17:04:56:041,-72,5e
56,11-07-2023 17:04:58:042,-71,5e
57,11-07-2023 17:05:00:041,-71,5e
0,Mac Address ,28:DE:65:6E:4E:16,5m
1,Time, RSSI,5m
2,11-07-2023 15:02:48:021,-43,5m
3,11-07-2023 15:02:50:022,-43,5m
4,11-07-2023 15:02:52:022,-43,5m
5,11-07-2023 15:02:54:024,-43,5m
6,11-07-2023 15:02:56:024,-43,5m
7,11-07-2023 15:02:58:025,-43,5m
8,11-07-2023 15:03:00:023,-43,5m
9,11-07-2023 15:03:02:024,-43,5m
10,11-07-2023 15:03:04:026,-43,5m
11,11-07-2023 15:03:06:025,-43,5m
12,11-07-2023 15:03:08:027,-43,5m
13,11-07-2023 15:03:10:027,-43,5m
14,11-07-2023 15:03:12:026,-43,5m
15,11-07-2023 15:03:14:027,-43,5m
16,11-07-2023 15:03:16:027,-43,5m
17,11-07-2023 15:03:18:027,-44,5m
18,11-07-2023 15:03:20:028,-44,5m
19,11-07-2023 15:03:22:027,-43,5m
20,11-07-2023 15:03:24:028,-43,5m
21,11-07-2023 15:03:26:028,-43,5m
22,11-07-2023 15:03:28:032,-43,5m
23,11-07-2023 15:03:30:030,-43,5m
24,11-07-2023 15:03:32:031,-43,5m
25,11-07-2023 15:03:34:030,-43,5m
26,11-07-2023 15:03:36:030,-43,5m
27,11-07-2023 15:03:38:031,-43,5m
28,11-07-2023 15:03:40:032,-43,5m
29,11-07-2023 15:03:42:033,-43,5m
30,11-07-2023 15:03:44:032,-43,5m
31,11-07-2023 15:03:46:033,-43,5m
32,11-07-2023 15:03:48:033,-43,5m
33,11-07-2023 15:03:50:033,-43,5m
34,11-07-2023 15:03:52:034,-43,5m
35,11-07-2023 15:03:54:035,-43,5m
36,11-07-2023 15:03:56:035,-43,5m
37,11-07-2023 15:03:58:036,-43,5m
38,11-07-2023 15:04:00:035,-44,5m
39,11-07-2023 15:04:02:035,-45,5m
40,11-07-2023 15:04:04:036,-43,5m
41,11-07-2023 15:04:06:036,-42,5m
42,11-07-2023 15:04:08:037,-42,5m
43,11-07-2023 15:04:10:037,-42,5m
44,11-07-2023 15:04:12:038,-43,5m
45,11-07-2023 15:04:14:039,-44,5m
46,11-07-2023 15:04:16:039,-44,5m
0,Mac Address ,28:DE:65:6E:4E:16,5m_1
1,Time, RSSI,5m_1
2,11-07-2023 15:02:46:063,-62,5m_1
3,11-07-2023 15:02:48:063,-62,5m_1
4,11-07-2023 15:02:50:063,-62,5m_1
5,11-07-2023 15:02:52:065,-62,5m_1
6,11-07-2023 15:02:54:062,-62,5m_1
7,11-07-2023 15:02:56:064,-62,5m_1
8,11-07-2023 15:02:58:064,-62,5m_1
9,11-07-2023 15:03:00:064,-61,5m_1
10,11-07-2023 15:03:02:064,-61,5m_1
11,11-07-2023 15:03:04:065,-61,5m_1
12,11-07-2023 15:03:06:064,-61,5m_1
13,11-07-2023 15:03:08:065,-61,5m_1
14,11-07-2023 15:03:10:066,-61,5m_1
15,11-07-2023 15:03:12:066,-61,5m_1
16,11-07-2023 15:03:14:066,-61,5m_1
17,11-07-2023 15:03:16:066,-61,5m_1
18,11-07-2023 15:03:18:067,-61,5m_1
19,11-07-2023 15:03:20:068,-61,5m_1
20,11-07-2023 15:03:22:068,-61,5m_1
21,11-07-2023 15:03:24:069,-61,5m_1
22,11-07-2023 15:03:26:069,-61,5m_1
23,11-07-2023 15:03:28:070,-61,5m_1
24,11-07-2023 15:03:30:071,-61,5m_1
25,11-07-2023 15:03:32:072,-62,5m_1
26,11-07-2023 15:03:34:072,-62,5m_1
27,11-07-2023 15:03:36:074,-62,5m_1
28,11-07-2023 15:03:38:073,-61,5m_1
29,11-07-2023 15:03:40:074,-61,5m_1
30,11-07-2023 15:03:42:073,-61,5m_1
31,11-07-2023 15:03:44:074,-61,5m_1
32,11-07-2023 15:03:46:074,-61,5m_1
33,11-07-2023 15:03:48:074,-61,5m_1
34,11-07-2023 15:03:50:073,-61,5m_1
35,11-07-2023 15:03:52:074,-61,5m_1
36,11-07-2023 15:03:54:074,-61,5m_1
37,11-07-2023 15:03:56:075,-61,5m_1
38,11-07-2023 15:03:58:075,-61,5m_1
39,11-07-2023 15:04:00:076,-60,5m_1
40,11-07-2023 15:04:02:075,-60,5m_1
41,11-07-2023 15:04:04:076,-60,5m_1
42,11-07-2023 15:04:06:078,-60,5m_1
43,11-07-2023 15:04:08:075,-60,5m_1
44,11-07-2023 15:04:10:076,-60,5m_1
45,11-07-2023 15:04:12:077,-60,5m_1
46,11-07-2023 15:04:14:077,-60,5m_1
47,11-07-2023 15:04:16:079,-60,5m_1
0,Mac Address ,28:DE:65:6E:4E:16,7.5e
1,Time, RSSI,7.5e
2,11-07-2023 17:06:04:338,-77,7.5e
3,11-07-2023 17:06:06:339,-77,7.5e
4,11-07-2023 17:06:08:338,-76,7.5e
5,11-07-2023 17:06:10:339,-76,7.5e
6,11-07-2023 17:06:12:339,-76,7.5e
7,11-07-2023 17:06:14:339,-76,7.5e
8,11-07-2023 17:06:16:340,-76,7.5e
9,11-07-2023 17:06:18:340,-76,7.5e
10,11-07-2023 17:06:20:340,-76,7.5e
11,11-07-2023 17:06:22:341,-76,7.5e
12,11-07-2023 17:06:24:342,-76,7.5e
13,11-07-2023 17:06:26:341,-76,7.5e
14,11-07-2023 17:06:28:343,-75,7.5e
15,11-07-2023 17:06:30:343,-75,7.5e
16,11-07-2023 17:06:32:342,-75,7.5e
17,11-07-2023 17:06:34:342,-75,7.5e
18,11-07-2023 17:06:36:345,-75,7.5e
19,11-07-2023 17:06:38:343,-75,7.5e
20,11-07-2023 17:06:40:343,-75,7.5e
21,11-07-2023 17:06:42:344,-75,7.5e
22,11-07-2023 17:06:44:345,-75,7.5e
23,11-07-2023 17:06:46:345,-75,7.5e
24,11-07-2023 17:06:48:344,-75,7.5e
25,11-07-2023 17:06:50:345,-75,7.5e
26,11-07-2023 17:06:52:345,-76,7.5e
27,11-07-2023 17:06:54:345,-76,7.5e
28,11-07-2023 17:06:56:345,-76,7.5e
29,11-07-2023 17:06:58:344,-76,7.5e
30,11-07-2023 17:07:00:345,-76,7.5e
31,11-07-2023 17:07:02:344,-76,7.5e
32,11-07-2023 17:07:04:345,-76,7.5e
33,11-07-2023 17:07:06:345,-76,7.5e
34,11-07-2023 17:07:08:346,-76,7.5e
35,11-07-2023 17:07:10:345,-77,7.5e
36,11-07-2023 17:07:12:350,-77,7.5e
37,11-07-2023 17:07:14:348,-77,7.5e
38,11-07-2023 17:07:16:348,-77,7.5e
39,11-07-2023 17:07:18:349,-77,7.5e
40,11-07-2023 17:07:20:349,-77,7.5e
41,11-07-2023 17:07:22:350,-77,7.5e
42,11-07-2023 17:07:24:350,-77,7.5e
43,11-07-2023 17:07:26:350,-77,7.5e
44,11-07-2023 17:07:28:350,-77,7.5e
45,11-07-2023 17:07:30:353,-77,7.5e
46,11-07-2023 17:07:32:353,-77,7.5e
47,11-07-2023 17:07:34:353,-76,7.5e
48,11-07-2023 17:07:36:353,-76,7.5e
49,11-07-2023 17:07:38:354,-76,7.5e
50,11-07-2023 17:07:40:355,-76,7.5e
51,11-07-2023 17:07:42:354,-76,7.5e
52,11-07-2023 17:07:44:354,-76,7.5e
53,11-07-2023 17:07:46:354,-76,7.5e
54,11-07-2023 17:07:48:355,-76,7.5e
55,11-07-2023 17:07:50:355,-76,7.5e
56,11-07-2023 17:07:52:354,-76,7.5e
57,11-07-2023 17:07:54:355,-76,7.5e
58,11-07-2023 17:07:56:354,-76,7.5e
59,11-07-2023 17:07:58:355,-76,7.5e
60,11-07-2023 17:08:00:355,-76,7.5e
61,11-07-2023 17:08:02:356,-76,7.5e
62,11-07-2023 17:08:04:355,-76,7.5e
0,Mac Address ,28:DE:65:6E:4E:16,7.5m
1,Time, RSSI,7.5m
2,11-07-2023 15:06:46:066,-67,7.5m
3,11-07-2023 15:06:48:065,-67,7.5m
4,11-07-2023 15:06:50:066,-67,7.5m
5,11-07-2023 15:06:52:067,-68,7.5m
6,11-07-2023 15:06:54:066,-66,7.5m
7,11-07-2023 15:06:56:069,-63,7.5m
8,11-07-2023 15:06:58:068,-63,7.5m
9,11-07-2023 15:07:00:071,-60,7.5m
10,11-07-2023 15:07:02:070,-60,7.5m
11,11-07-2023 15:07:04:069,-60,7.5m
12,11-07-2023 15:07:06:071,-60,7.5m
13,11-07-2023 15:07:08:070,-60,7.5m
14,11-07-2023 15:07:10:070,-60,7.5m
15,11-07-2023 15:07:12:070,-61,7.5m
16,11-07-2023 15:07:14:070,-61,7.5m
17,11-07-2023 15:07:16:072,-61,7.5m
18,11-07-2023 15:07:18:071,-61,7.5m
19,11-07-2023 15:07:20:072,-61,7.5m
20,11-07-2023 15:07:22:072,-61,7.5m
21,11-07-2023 15:07:24:073,-63,7.5m
22,11-07-2023 15:07:26:074,-64,7.5m
23,11-07-2023 15:07:28:072,-64,7.5m
24,11-07-2023 15:07:30:072,-65,7.5m
25,11-07-2023 15:07:32:072,-65,7.5m
26,11-07-2023 15:07:34:072,-65,7.5m
27,11-07-2023 15:07:36:072,-65,7.5m
28,11-07-2023 15:07:38:072,-67,7.5m
29,11-07-2023 15:07:40:073,-68,7.5m
30,11-07-2023 15:07:42:074,-68,7.5m
31,11-07-2023 15:07:44:074,-68,7.5m
32,11-07-2023 15:07:46:075,-68,7.5m
33,11-07-2023 15:07:48:075,-68,7.5m
34,11-07-2023 15:07:50:075,-68,7.5m
35,11-07-2023 15:07:52:075,-68,7.5m
36,11-07-2023 15:07:54:075,-68,7.5m
37,11-07-2023 15:07:56:075,-67,7.5m
38,11-07-2023 15:07:58:076,-67,7.5m
39,11-07-2023 15:08:00:077,-68,7.5m
40,11-07-2023 15:08:02:078,-68,7.5m
41,11-07-2023 15:08:04:077,-68,7.5m
42,11-07-2023 15:08:06:078,-68,7.5m
43,11-07-2023 15:08:08:079,-68,7.5m
44,11-07-2023 15:08:10:078,-68,7.5m
45,11-07-2023 15:08:12:079,-66,7.5m
46,11-07-2023 15:08:14:077,-66,7.5m
47,11-07-2023 15:08:16:078,-65,7.5m
48,11-07-2023 15:08:18:079,-65,7.5m
49,11-07-2023 15:08:20:079,-65,7.5m
50,11-07-2023 15:08:22:078,-65,7.5m
51,11-07-2023 15:08:24:079,-65,7.5m
52,11-07-2023 15:08:26:079,-65,7.5m
53,11-07-2023 15:08:28:080,-65,7.5m
54,11-07-2023 15:08:30:081,-65,7.5m
55,11-07-2023 15:08:32:080,-65,7.5m
56,11-07-2023 15:08:34:080,-65,7.5m
57,11-07-2023 15:08:36:080,-65,7.5m
58,11-07-2023 15:08:38:080,-65,7.5m
59,11-07-2023 15:08:40:080,-65,7.5m
60,11-07-2023 15:08:42:080,-65,7.5m
0,Mac Address ,28:DE:65:6E:4E:16,7.5m_1
1,Time, RSSI,7.5m_1
2,11-07-2023 15:16:50:608,-66,7.5m_1
3,11-07-2023 15:16:52:608,-66,7.5m_1
4,11-07-2023 15:16:54:609,-67,7.5m_1
5,11-07-2023 15:16:56:609,-67,7.5m_1
6,11-07-2023 15:16:58:610,-67,7.5m_1
7,11-07-2023 15:17:00:610,-68,7.5m_1
8,11-07-2023 15:17:02:612,-68,7.5m_1
9,11-07-2023 15:17:04:613,-68,7.5m_1
10,11-07-2023 15:17:06:612,-68,7.5m_1
11,11-07-2023 15:17:08:613,-68,7.5m_1
12,11-07-2023 15:17:10:614,-68,7.5m_1
13,11-07-2023 15:17:12:614,-67,7.5m_1
14,11-07-2023 15:17:14:616,-67,7.5m_1
15,11-07-2023 15:17:16:615,-67,7.5m_1
16,11-07-2023 15:17:18:616,-66,7.5m_1
17,11-07-2023 15:17:20:617,-66,7.5m_1
18,11-07-2023 15:17:22:617,-66,7.5m_1
19,11-07-2023 15:17:24:618,-66,7.5m_1
20,11-07-2023 15:17:26:619,-66,7.5m_1
21,11-07-2023 15:17:28:619,-66,7.5m_1
22,11-07-2023 15:17:30:618,-65,7.5m_1
23,11-07-2023 15:17:32:620,-65,7.5m_1
24,11-07-2023 15:17:34:621,-65,7.5m_1
25,11-07-2023 15:17:36:621,-65,7.5m_1
26,11-07-2023 15:17:38:620,-65,7.5m_1
27,11-07-2023 15:17:40:620,-65,7.5m_1
28,11-07-2023 15:17:42:620,-65,7.5m_1
29,11-07-2023 15:17:44:621,-65,7.5m_1
30,11-07-2023 15:17:46:621,-65,7.5m_1
31,11-07-2023 15:17:48:621,-65,7.5m_1
32,11-07-2023 15:17:50:622,-65,7.5m_1
33,11-07-2023 15:17:52:623,-65,7.5m_1
34,11-07-2023 15:17:54:624,-65,7.5m_1
35,11-07-2023 15:17:56:624,-65,7.5m_1
36,11-07-2023 15:17:58:625,-65,7.5m_1
37,11-07-2023 15:18:00:627,-65,7.5m_1
38,11-07-2023 15:18:02:627,-65,7.5m_1
39,11-07-2023 15:18:04:631,-65,7.5m_1
40,11-07-2023 15:18:06:629,-65,7.5m_1
41,11-07-2023 15:18:08:627,-65,7.5m_1
42,11-07-2023 15:18:10:629,-65,7.5m_1
43,11-07-2023 15:18:12:646,-65,7.5m_1
44,11-07-2023 15:18:14:629,-65,7.5m_1
45,11-07-2023 15:18:16:629,-65,7.5m_1
46,11-07-2023 15:18:18:633,-65,7.5m_1
47,11-07-2023 15:18:20:632,-65,7.5m_1
48,11-07-2023 15:18:22:631,-65,7.5m_1
49,11-07-2023 15:18:24:632,-65,7.5m_1
50,11-07-2023 15:18:26:633,-65,7.5m_1
51,11-07-2023 15:18:28:633,-65,7.5m_1
52,11-07-2023 15:18:30:632,-65,7.5m_1
53,11-07-2023 15:18:32:633,-65,7.5m_1
54,11-07-2023 15:18:34:632,-65,7.5m_1
55,11-07-2023 15:18:36:632,-66,7.5m_1
56,11-07-2023 15:18:38:633,-66,7.5m_1
57,11-07-2023 15:18:40:635,-66,7.5m_1
58,11-07-2023 15:18:42:632,-66,7.5m_1
59,11-07-2023 15:18:44:632,-66,7.5m_1
60,11-07-2023 15:18:46:633,-66,7.5m_1
61,11-07-2023 15:18:48:634,-66,7.5m_1
62,11-07-2023 15:18:50:634,-66,7.5m_1
63,11-07-2023 15:18:52:635,-66,7.5m_1
64,11-07-2023 15:18:54:634,-66,7.5m_1
65,11-07-2023 15:18:56:635,-66,7.5m_1
66,11-07-2023 15:18:58:634,-66,7.5m_1
67,11-07-2023 15:19:00:634,-66,7.5m_1
